"id","solve"
"R1","更换缸盖密封圈"
"R1","更换 缸盖 密封圈"
"R2","回油管渗油，更换新缸头"
"R2","回 油管 渗油 更换 新缸 头"
"R3","非故障"
"R3","非 故障"
"R4","更换故障件"
"R4","更换 故障 件"
"R5","更换故障件"
"R5","更换 故障 件"
"R6","更换故障件"
"R6","更换 故障 件"
"R7","更换故障件"
"R7","更换 故障 件"
"R8","更换故障件"
"R8","更换 故障 件"
"R9","更换故障件"
"R9","更换 故障 件"
"R10","用热风枪给桨距电机加热后"
"R10","热风枪 桨 距 电机 加热 后"
"R11","用热风枪给桨距电机加热后"
"R11","热风枪 桨 距 电机 加热 后"
"R12","用热风枪给桨距电机加热后"
"R12","热风枪 桨 距 电机 加热 后"
"R13","用热风枪给桨距电机加热后"
"R13","热风枪 桨 距 电机 加热 后"
"R14","更换故障件"
"R14","更换 故障 件"
"R15","更换故障件"
"R15","更换 故障 件"
"R16","更换故障件，改进设计"
"R16","更换 故障 件 改进 设计"
"R17","更换故障件，改进设计"
"R17","更换 故障 件 改进 设计"
"R18","更换故障件，更改设计"
"R18","更换 故障 件 更改 设计"
"R18","更换故障件，并在传感器易磨损部位添加防磨套"
"R18","更换 故障 件 传感器 易 磨损 部位 添加 防磨套"
"R19","更换故障件，更改设计"
"R19","更换 故障 件 更改 设计"
"R20","更换故障件"
"R20","更换 故障 件"
"R21","更换故障件"
"R21","更换 故障 件"
"R22","更换故障件，并涂密封胶"
"R22","更换 故障 件 并涂 密封胶"
"R23","更换故障件，并涂密封胶"
"R23","更换 故障 件 并涂 密封胶"
"R26","更换故障件"
"R26","更换 故障 件"
"R27","更换故障件"
"R27","更换 故障 件"
"R28","更换故障件"
"R28","更换 故障 件"
"R30","更换故障件"
"R30","更换 故障 件"
"R31","更换螺旋桨变距电机"
"R31","更换 螺旋桨 变距 电机"
"R32","更换桨距电机"
"R32","更换 桨 距 电机"
"R34","更换故障件"
"R34","更换 故障 件"
"R35","更换故障件"
"R35","更换 故障 件"
"R36","更换故障件"
"R36","更换 故障 件"
"R36","非故障，按规程进行维护后恢复正常变距范围"
"R36","非 故障 规程 维护 后 恢复正常 变距"
"R36","更换故障件"
"R36","更换 故障 件"
"R37","更换桨距电机"
"R37","更换 桨 距 电机"
"R37","重新组装故障排除"
"R37","组装 故障 排除"
"R38","非故障"
"R38","非 故障"
"R39","更换故障件"
"R39","更换 故障 件"
"R40","更换故障件"
"R40","更换 故障 件"
"R41","更换故障件"
"R41","更换 故障 件"
"R42","更换故障件"
"R42","更换 故障 件"
"R43","故障件返厂维修"
"R43","故障 件 返厂 维修"
"R44","故障件返厂维修"
"R44","故障 件 返厂 维修"
"R45","故障件返厂维修"
"R45","故障 件 返厂 维修"
"R46","故障件返厂维修"
"R46","故障 件 返厂 维修"
"R47","故障件返厂维修"
"R47","故障 件 返厂 维修"
"R48","故障件返厂维修"
"R48","故障 件 返厂 维修"
"R49","故障件返厂维修"
"R49","故障 件 返厂 维修"
"R50","更换故障件"
"R50","更换 故障 件"
"R51","更换故障件"
"R51","更换 故障 件"
"R52","更换故障件"
"R52","更换 故障 件"
"R53","更换故障件"
"R53","更换 故障 件"
"R56","调节故障件"
"R56","调节 故障 件"
"R57","更换故障件"
"R57","更换 故障 件"
"R58","更换故障件"
"R58","更换 故障 件"
"R59","更换故障件"
"R59","更换 故障 件"
"R60","更换故障件"
"R60","更换 故障 件"
"R61","更换故障件"
"R61","更换 故障 件"
"R62","更换故障件"
"R62","更换 故障 件"
"R63","更换故障件"
"R63","更换 故障 件"
"R64","更换故障件"
"R64","更换 故障 件"
"R65","返厂维修"
"R65","返厂 维修"
"R66","更换故障件"
"R66","更换 故障 件"
"R70","非故障"
"R70","非 故障"
"R71","更换故障件"
"R71","更换 故障 件"
"R77","更换故障件"
"R77","更换 故障 件"
"R78","更换故障件"
"R78","更换 故障 件"
"R80","更换故障件"
"R80","更换 故障 件"
"R81","更换故障件"
"R81","更换 故障 件"
"R82","更改软件，将对比GLOASS通道检测删除"
"R82","更改 软件 对比 GLOASS 通道 检测 删除"
"R83","更换故障件"
"R83","更换 故障 件"
"R84","更换故障件"
"R84","更换 故障 件"
"R85","更换故障件"
"R85","更换 故障 件"
"R86","更换故障件"
"R86","更换 故障 件"
"R88","更换故障件"
"R88","更换 故障 件"
"R89","更换故障件"
"R89","更换 故障 件"
"R91","更换通风盒"
"R91","更换 通风 盒"
"R92","更换故障件"
"R92","更换 故障 件"
"R93","更换故障件"
"R93","更换 故障 件"
"R95","更换故障件"
"R95","更换 故障 件"
"R96","更换故障件"
"R96","更换 故障 件"
"R97","用电烙铁加焊信号电源线管脚，用更换弹片、点胶的方式加固插头"
"R97","电烙铁 加焊 信号 电源线 管脚 更换 弹片 点 胶 方式 加固 插头"
"R98","将电源模块地线正确接入电路"
"R98","电源模块 地线 正确 接入 电路"
"R99","更换故障件"
"R99","更换 故障 件"
"R100","更改机上电缆，在金属屏蔽套和线缆之间增加热塑管"
"R100","更改 机上 电缆 金属 屏蔽 套 线缆 之间 增加 热塑"
"R101","将原有电台结构件更换为具有卡口功能的结构件，对内部电缆重新焊接固定"
"R101","原有 电台 结构件 更换 卡口 功能 结构件 内部 电缆 焊接 固定"
"R102","将原有电台结构件更换为具有卡口功能的结构件，对内部线缆重新固定"
"R102","原有 电台 结构件 更换 卡口 功能 结构件 内部 线缆 固定"
"R103","更改了卫通接口软件"
"R103","更改 卫通 接口 软件"
"R104","对导航软件进行升级"
"R104","导航 软件 升级"
"R105","更换故障件"
"R105","更换 故障 件"
"R106","更换故障件"
"R106","更换 故障 件"
"R107","非故障"
"R107","非 故障"
"R108","更改软件，将对比GLOASS通道检测删除"
"R108","更改 软件 对比 GLOASS 通道 检测 删除"
"R109","该信号对飞行安全无影响，可以继续使用"
"R109","信号 飞行 无 影响"
"R110","对导航软件进行升级"
"R110","导航 软件 升级"
"R111","更改飞机地面准备工艺流程，明确了在惯导对准过程中，不进行飞机其它准备工作"
"R111","更改 飞机 地面 工艺流程 惯导 对准 过程 中 不 飞机 工作"
"R112","更换故障件"
"R112","更换 故障 件"
"R113","非故障，继续观察使用"
"R113","非 故障 观察"
"R114","补漆"
"R114","补漆"
"R115","现场修理"
"R115","现场 修理"
"R116","重新加工"
"R116","加工"
"R117","重新加工"
"R117","加工"
"R118","重新加工"
"R118","加工"
"R119","更换故障件"
"R119","更换 故障 件"
"R121","更换起落架"
"R121","更换 起落架"
"R122","更换起落架"
"R122","更换 起落架"
"R123","控制微动开关电缆触头与控制微动开关接触距离，确保全压缩信号为1"
"R123","控制 微动 开关 电缆 触头 控制 微动 开关 接触 距离 确保全 压缩 信号 1"
"R124","更换故障件"
"R124","更换 故障 件"
"R125","更换故障件"
"R125","更换 故障 件"
"R126","更换故障件"
"R126","更换 故障 件"
"R127","更换故障件"
"R127","更换 故障 件"
"R128","更换故障件"
"R128","更换 故障 件"
"R129","更换故障件"
"R129","更换 故障 件"
"R130","更换故障件"
"R130","更换 故障 件"
"R131","更换刹车控制器电路板"
"R131","更换 刹车 控制器 电路板"
"R132","更换故障件"
"R132","更换 故障 件"
"R133","更换刹车控制器电路板"
"R133","更换 刹车 控制器 电路板"
"R137","调整微动开关，使左主起撑杆作动筒放下开锁至上锁行程中AC一直导通，上锁后AC断开"
"R137","调整 微动 开关 使 左主起 撑杆 作动筒 放下 开锁 上锁 行程 中 AC 导通 上锁 后 AC 断开"
"R138","更换密封件"
"R138","更换 密封件"
"R139","非故障"
"R139","非 故障"
"R141","断裂处打磨处理"
"R141","断裂处 打磨"
"R142","更换故障继电器"
"R142","更换 故障 继电器"
"R144","更换故障件"
"R144","更换 故障 件"
"R145","更换发电机"
"R145","更换 发电机"
"R146","更换故障件"
"R146","更换 故障 件"
"R147","更换过流导线和过流继电器"
"R147","更换 过流 导线 过流 继电器"
"R147","更换底板"
"R147","更换 底板"
"R149","更换故障件"
"R149","更换 故障 件"
"R151","更换故障件"
"R151","更换 故障 件"
"R154","更换继电器、过流导线和烧灼导线"
"R154","更换 继电器 流 导线 烧灼 导线"
"R155","更换继电器、过流导线和烧灼导线"
"R155","更换 继电器 流 导线 烧灼 导线"
"R156","更换故障件"
"R156","更换 故障 件"
"R157","更换故障件"
"R157","更换 故障 件"
"R158","对铝电解电容器的橡胶盖板封装处涂覆三防漆措施"
"R158","铝电解 电容器 橡胶 盖板 封装 处 涂覆 三防漆 措施"
"R159","对C1、C2电容的ESR配对"
"R159","C1 C2 电容 ESR 配对"
"R160","紧固调焦齿轮"
"R160","紧固 调焦 齿轮"
"R161","更换故障件"
"R161","更换 故障 件"
"R162","更换故障件"
"R162","更换 故障 件"
"R163","更换故障件"
"R163","更换 故障 件"
"R164","更换限位器件和方位电机驱动器"
"R164","更换 限位器 件 方位 电机 驱动器"
"R165","紧固螺钉"
"R165","紧固 螺钉"
"R166","重新焊接"
"R166","焊接"
"R167","更换故障件"
"R167","更换 故障 件"
"R168","更换故障件"
"R168","更换 故障 件"
"R169","更换故障件"
"R169","更换 故障 件"
"R170","更换故障件"
"R170","更换 故障 件"
"R171","重新连接CCD视频线"
"R171","连接 CCD 视频 线"
"R171","更换故障件"
"R171","更换 故障 件"
"R172","更换故障件"
"R172","更换 故障 件"
"R173","更换故障件"
"R173","更换 故障 件"
"R174","重新更换安装感应同步器动片，使激光信号与设备外框架彻底绝缘"
"R174","更换 安装 感应同步器 动片 使 激光 信号 设备 外 框架 绝缘"
"R175","调整热像仪相关温度系数"
"R175","调整 热像仪 相关 温度 系数"
"R177","对软件进行修改"
"R177","软件 修改"
"R179","调整故障件"
"R179","调整 故障 件"
"R180","对软件进行调试"
"R180","软件 调试"
"R181","对软件进行调试"
"R181","软件 调试"
"R182","对软件进行调试"
"R182","软件 调试"
"R183","连接后故障消除"
"R183","连接 后 故障 消除"
"R184","对软件进行调试"
"R184","软件 调试"
"R185","对软件进行调试"
"R185","软件 调试"
"R186","使用螺纹胶加固螺钉，外场更换齿轮箱"
"R186","螺纹 胶 加固 螺钉 外场 更换 齿轮箱"
"R187","返厂维修"
"R187","返厂 维修"
"R188","返厂维修"
"R188","返厂 维修"
"R189","更换故障件"
"R189","更换 故障 件"
"R190","走线位置重新布局，导线包扎"
"R190","走线 位置 布局 导线 包扎"
"R191","重新正确设置计算机主板BIOS"
"R191","正确 设置 计算机 主板 BIOS"
"R192","更换故障件"
"R192","更换 故障 件"
"R193","更换故障件"
"R193","更换 故障 件"
"R193","插紧CP卡插排"
"R193","插紧 CP 卡 插排"
"R193","加装弹性垫圈"
"R193","加装 弹性 垫圈"
"R194","将电缆紧固后正常"
"R194","电缆 紧固 后"
"R195","修复故障件"
"R195","修复 故障 件"
"R196","修复故障件"
"R196","修复 故障 件"
"R197","重新焊接接收单元变频器电源线"
"R197","焊接 接收 单元 变频器 电源线"
"R198","更换故障件"
"R198","更换 故障 件"
"R199","对飞机重新加电"
"R199","飞机 加电"
"R200","紧固接收机入口信号电缆"
"R200","紧固 接收机 入口 信号电缆"
"R202","重新插拔接头线"
"R202","插拔 接头 线"
"R206","更换故障件"
"R206","更换 故障 件"
"R207","更换故障件"
"R207","更换 故障 件"
"R208","更换故障件"
"R208","更换 故障 件"
"R210","更换故障件"
"R210","更换 故障 件"
"R211","更换故障件"
"R211","更换 故障 件"
"R212","更换故障件"
"R212","更换 故障 件"
"R213","更换故障件"
"R213","更换 故障 件"
"R216","非故障"
"R216","非 故障"
"R218","更换故障件"
"R218","更换 故障 件"
"R219","更换故障件"
"R219","更换 故障 件"
"R220","更换故障件"
"R220","更换 故障 件"
"R221","将标识指令类型字节中的数据变为有效数据后，应答机即能正确接收处理高度数据"
"R221","标识 指令 类型 字节 中 数据 变为 数据 后 应答机 即能 正确 接收 高度 数据"
"R224","更换卫星频段"
"R224","更换 卫星 频段"
"R225","更换卫星频段"
"R225","更换 卫星 频段"
"R226","更换故障件"
"R226","更换 故障 件"
"R230","更换故障件"
"R230","更换 故障 件"
"R231","更换故障件"
"R231","更换 故障 件"
"R238","厂家维修"
"R238","厂家 维修"
"R239","更换故障件"
"R239","更换 故障 件"
"R241","更换故障件"
"R241","更换 故障 件"
"R242","厂家维修故障件"
"R242","厂家 维修 故障 件"
"R243","紧固电瓶电缆"
"R243","紧固 电瓶 电缆"
"R244","厂家现场维修故障件"
"R244","厂家 现场 维修 故障 件"
"R245","更换故障件"
"R245","更换 故障 件"
"R247","更换故障件"
"R247","更换 故障 件"
"R248","非故障"
"R248","非 故障"
"R249","更改网口连接"
"R249","更改 网口 连接"
"R250","更换故障件"
"R250","更换 故障 件"
"R251","重新安装散热片"
"R251","重新安装 散热片"
"R253","更换故障件"
"R253","更换 故障 件"
"R256","更换故障件"
"R256","更换 故障 件"
"R258","更换故障件"
"R258","更换 故障 件"
"R268","更换故障件"
"R268","更换 故障 件"
"R269","更换故障件"
"R269","更换 故障 件"
"R270","重接信号线"
"R270","重接 信号线"
"R271","用酒精擦拭主板"
"R271","酒精 擦拭 主板"
"R272","将减速机齿轮与轴中间松动的键紧固"
"R272","减速机 齿轮 轴 松动 键 紧固"
"R273","更换故障件"
"R273","更换 故障 件"
"R275","非故障"
"R275","非 故障"
"R278","更换故障件"
"R278","更换 故障 件"
"R280","更换故障件"
"R280","更换 故障 件"
"R282","更换CMOS电池"
"R282","更换 CMOS 电池"
"R284","BIOS电池"
"R284","BIOS 电池"
"R285","更换故障件"
"R285","更换 故障 件"
"R288","更换故障件"
"R288","更换 故障 件"
"R292","更换故障件"
"R292","更换 故障 件"
"R293","更换故障件"
"R293","更换 故障 件"
"R295","更换故障件"
"R295","更换 故障 件"
"R295","更换故障件"
"R295","更换 故障 件"
"R295","更换故障件"
"R295","更换 故障 件"
"R295","更换故障件"
"R295","更换 故障 件"
"R297","更换信号线"
"R297","更换 信号线"
"R298","更换故障件"
"R298","更换 故障 件"
"R306","更换故障件"
"R306","更换 故障 件"
"R307","升级软件"
"R307","升级 软件"
"R308","更换故障件"
"R308","更换 故障 件"
"R309","更换故障件"
"R309","更换 故障 件"
"R313","更换故障件"
"R313","更换 故障 件"
"R314","更换故障件"
"R314","更换 故障 件"
"R315","更换故障件"
"R315","更换 故障 件"
"R316","更换故障件"
"R316","更换 故障 件"
"R318","更改设计，更换故障件"
"R318","更改 设计 更换 故障 件"
"R319","更改设计，更换故障件"
"R319","更改 设计 更换 故障 件"
"R320","更改软件"
"R320","更改 软件"
"R321","更换故障件"
"R321","更换 故障 件"
"R325","重新固定排气口和消声器结合部分"
"R325","固定 排气口 消声器"
"R326","更换故障件"
"R326","更换 故障 件"
"R331","紧固油机电源"
"R331","紧固 油机 电源"
"R334","更换故障件"
"R334","更换 故障 件"
"R335","更换故障件"
"R335","更换 故障 件"
"R336","更换故障件"
"R336","更换 故障 件"
"R339","非故障"
"R339","非 故障"
"R346","更换故障件"
"R346","更换 故障 件"
"R348","返修下罩，重新钻孔"
"R348","返修 下罩 钻孔"
"R349","修锉短舱上、下罩后缘"
"R349","修 锉 短舱 上 下 罩 后缘"
"R350","非故障"
"R350","非 故障"
"R351","更换故障件"
"R351","更换 故障 件"
"R352","更换故障件"
"R352","更换 故障 件"
"R353","更换故障件"
"R353","更换 故障 件"
"R354","更换故障件"
"R354","更换 故障 件"
"R355","更换故障件"
"R355","更换 故障 件"
"R356","更换故障件"
"R356","更换 故障 件"
"R357","用热风枪给桨距电机加热后"
"R357","热风枪 桨 距 电机 加热 后"
"R358","用热风枪给桨距电机加热后"
"R358","热风枪 桨 距 电机 加热 后"
"R359","用热风枪给桨距电机加热后"
"R359","热风枪 桨 距 电机 加热 后"
"R360","用热风枪给桨距电机加热后"
"R360","热风枪 桨 距 电机 加热 后"
"R361","更换故障件"
"R361","更换 故障 件"
"R362","更换故障件"
"R362","更换 故障 件"
"R363","更换故障件，改进设计"
"R363","更换 故障 件 改进 设计"
"R364","更换故障件，改进设计"
"R364","更换 故障 件 改进 设计"
"R365","更换故障件，更改设计"
"R365","更换 故障 件 更改 设计"
"R365","更换故障件，并在传感器易磨损部位添加防磨套"
"R365","更换 故障 件 传感器 易 磨损 部位 添加 防磨套"
"R366","更换故障件，更改设计"
"R366","更换 故障 件 更改 设计"
"R367","更换故障件"
"R367","更换 故障 件"
"R368","更换故障件"
"R368","更换 故障 件"
"R369","更换故障件，并涂密封胶"
"R369","更换 故障 件 并涂 密封胶"
"R370","更换故障件，并涂密封胶"
"R370","更换 故障 件 并涂 密封胶"
"R373","更换故障件"
"R373","更换 故障 件"
"R374","更换故障件"
"R374","更换 故障 件"
"R375","更换故障件"
"R375","更换 故障 件"
"R377","更换故障件"
"R377","更换 故障 件"
"R378","更换螺旋桨变距电机"
"R378","更换 螺旋桨 变距 电机"
"R379","更换桨距电机"
"R379","更换 桨 距 电机"
"R381","更换故障件"
"R381","更换 故障 件"
"R382","更换故障件"
"R382","更换 故障 件"
"R383","更换故障件"
"R383","更换 故障 件"
"R383","非故障，按规程进行维护后恢复正常变距范围"
"R383","非 故障 规程 维护 后 恢复正常 变距"
"R383","更换故障件"
"R383","更换 故障 件"
"R384","更换桨距电机"
"R384","更换 桨 距 电机"
"R384","重新组装故障排除"
"R384","组装 故障 排除"
"R385","非故障"
"R385","非 故障"
"R386","更换故障件"
"R386","更换 故障 件"
"R387","更换故障件"
"R387","更换 故障 件"
"R388","更换故障件"
"R388","更换 故障 件"
"R389","更换故障件"
"R389","更换 故障 件"
"R390","故障件返厂维修"
"R390","故障 件 返厂 维修"
"R391","故障件返厂维修"
"R391","故障 件 返厂 维修"
"R392","故障件返厂维修"
"R392","故障 件 返厂 维修"
"R393","故障件返厂维修"
"R393","故障 件 返厂 维修"
"R394","故障件返厂维修"
"R394","故障 件 返厂 维修"
"R395","故障件返厂维修"
"R395","故障 件 返厂 维修"
"R396","故障件返厂维修"
"R396","故障 件 返厂 维修"
"R397","更换故障件"
"R397","更换 故障 件"
"R398","更换故障件"
"R398","更换 故障 件"
"R399","更换故障件"
"R399","更换 故障 件"
"R400","更换故障件"
"R400","更换 故障 件"
"R403","调节故障件"
"R403","调节 故障 件"
"R404","更换故障件"
"R404","更换 故障 件"
"R405","更换故障件"
"R405","更换 故障 件"
"R406","更换故障件"
"R406","更换 故障 件"
"R407","更换故障件"
"R407","更换 故障 件"
"R408","更换故障件"
"R408","更换 故障 件"
"R409","更换故障件"
"R409","更换 故障 件"
"R410","更换故障件"
"R410","更换 故障 件"
"R411","更换故障件"
"R411","更换 故障 件"
"R412","返厂维修"
"R412","返厂 维修"
"R413","更换故障件"
"R413","更换 故障 件"
"R417","非故障"
"R417","非 故障"
"R418","更换故障件"
"R418","更换 故障 件"
"R424","更换故障件"
"R424","更换 故障 件"
"R425","更换故障件"
"R425","更换 故障 件"
"R427","更换故障件"
"R427","更换 故障 件"
"R428","更换故障件"
"R428","更换 故障 件"
"R429","更改软件，将对比GLOASS通道检测删除"
"R429","更改 软件 对比 GLOASS 通道 检测 删除"
"R430","更换故障件"
"R430","更换 故障 件"
"R431","更换故障件"
"R431","更换 故障 件"
"R432","更换故障件"
"R432","更换 故障 件"
"R433","更换故障件"
"R433","更换 故障 件"
"R435","更换故障件"
"R435","更换 故障 件"
"R436","更换故障件"
"R436","更换 故障 件"
"R438","更换通风盒"
"R438","更换 通风 盒"
"R439","更换故障件"
"R439","更换 故障 件"
"R440","更换故障件"
"R440","更换 故障 件"
"R442","更换故障件"
"R442","更换 故障 件"
"R443","更换故障件"
"R443","更换 故障 件"
"R444","用电烙铁加焊信号电源线管脚，用更换弹片、点胶的方式加固插头"
"R444","电烙铁 加焊 信号 电源线 管脚 更换 弹片 点 胶 方式 加固 插头"
"R445","将电源模块地线正确接入电路"
"R445","电源模块 地线 正确 接入 电路"
"R446","更换故障件"
"R446","更换 故障 件"
"R447","更改机上电缆，在金属屏蔽套和线缆之间增加热塑管"
"R447","更改 机上 电缆 金属 屏蔽 套 线缆 之间 增加 热塑"
"R448","将原有电台结构件更换为具有卡口功能的结构件，对内部电缆重新焊接固定"
"R448","原有 电台 结构件 更换 卡口 功能 结构件 内部 电缆 焊接 固定"
"R449","将原有电台结构件更换为具有卡口功能的结构件，对内部线缆重新固定"
"R449","原有 电台 结构件 更换 卡口 功能 结构件 内部 线缆 固定"
"R450","更改了卫通接口软件"
"R450","更改 卫通 接口 软件"
"R451","对导航软件进行升级"
"R451","导航 软件 升级"
"R452","更换故障件"
"R452","更换 故障 件"
"R453","更换故障件"
"R453","更换 故障 件"
"R454","非故障"
"R454","非 故障"
"R455","更改软件，将对比GLOASS通道检测删除"
"R455","更改 软件 对比 GLOASS 通道 检测 删除"
"R456","该信号对飞行安全无影响，可以继续使用"
"R456","信号 飞行 无 影响"
"R457","对导航软件进行升级"
"R457","导航 软件 升级"
"R458","更改飞机地面准备工艺流程，明确了在惯导对准过程中，不进行飞机其它准备工作"
"R458","更改 飞机 地面 工艺流程 惯导 对准 过程 中 不 飞机 工作"
"R459","更换故障件"
"R459","更换 故障 件"
"R460","非故障，继续观察使用"
"R460","非 故障 观察"
"R461","补漆"
"R461","补漆"
"R462","现场修理"
"R462","现场 修理"
"R463","重新加工"
"R463","加工"
"R464","重新加工"
"R464","加工"
"R465","重新加工"
"R465","加工"
"R466","更换故障件"
"R466","更换 故障 件"
"R468","更换起落架"
"R468","更换 起落架"
"R469","更换起落架"
"R469","更换 起落架"
"R470","控制微动开关电缆触头与控制微动开关接触距离，确保全压缩信号为1"
"R470","控制 微动 开关 电缆 触头 控制 微动 开关 接触 距离 确保全 压缩 信号 1"
"R471","更换故障件"
"R471","更换 故障 件"
"R472","更换故障件"
"R472","更换 故障 件"
"R473","更换故障件"
"R473","更换 故障 件"
"R474","更换故障件"
"R474","更换 故障 件"
"R475","更换故障件"
"R475","更换 故障 件"
"R476","更换故障件"
"R476","更换 故障 件"
"R477","更换故障件"
"R477","更换 故障 件"
"R478","更换刹车控制器电路板"
"R478","更换 刹车 控制器 电路板"
"R479","更换故障件"
"R479","更换 故障 件"
"R480","更换刹车控制器电路板"
"R480","更换 刹车 控制器 电路板"
"R484","调整微动开关，使左主起撑杆作动筒放下开锁至上锁行程中AC一直导通，上锁后AC断开"
"R484","调整 微动 开关 使 左主起 撑杆 作动筒 放下 开锁 上锁 行程 中 AC 导通 上锁 后 AC 断开"
"R485","更换密封件"
"R485","更换 密封件"
"R486","非故障"
"R486","非 故障"
"R488","断裂处打磨处理"
"R488","断裂处 打磨"
"R489","更换故障继电器"
"R489","更换 故障 继电器"
"R491","更换故障件"
"R491","更换 故障 件"
"R492","更换发电机"
"R492","更换 发电机"
"R493","更换故障件"
"R493","更换 故障 件"
"R494","更换过流导线和过流继电器"
"R494","更换 过流 导线 过流 继电器"
"R494","更换底板"
"R494","更换 底板"
"R496","更换故障件"
"R496","更换 故障 件"
"R498","更换故障件"
"R498","更换 故障 件"
"R501","更换继电器、过流导线和烧灼导线"
"R501","更换 继电器 流 导线 烧灼 导线"
"R502","更换继电器、过流导线和烧灼导线"
"R502","更换 继电器 流 导线 烧灼 导线"
"R503","更换故障件"
"R503","更换 故障 件"
"R504","更换故障件"
"R504","更换 故障 件"
"R505","对铝电解电容器的橡胶盖板封装处涂覆三防漆措施"
"R505","铝电解 电容器 橡胶 盖板 封装 处 涂覆 三防漆 措施"
"R506","对C1、C2电容的ESR配对"
"R506","C1 C2 电容 ESR 配对"
"R507","紧固调焦齿轮"
"R507","紧固 调焦 齿轮"
"R508","更换故障件"
"R508","更换 故障 件"
"R509","更换故障件"
"R509","更换 故障 件"
"R510","更换故障件"
"R510","更换 故障 件"
"R511","更换限位器件和方位电机驱动器"
"R511","更换 限位器 件 方位 电机 驱动器"
"R512","紧固螺钉"
"R512","紧固 螺钉"
"R513","重新焊接"
"R513","焊接"
"R514","更换故障件"
"R514","更换 故障 件"
"R515","更换故障件"
"R515","更换 故障 件"
"R516","更换故障件"
"R516","更换 故障 件"
"R517","更换故障件"
"R517","更换 故障 件"
"R518","重新连接CCD视频线"
"R518","连接 CCD 视频 线"
"R518","更换故障件"
"R518","更换 故障 件"
"R519","更换故障件"
"R519","更换 故障 件"
"R520","更换故障件"
"R520","更换 故障 件"
"R521","重新更换安装感应同步器动片，使激光信号与设备外框架彻底绝缘"
"R521","更换 安装 感应同步器 动片 使 激光 信号 设备 外 框架 绝缘"
"R522","调整热像仪相关温度系数"
"R522","调整 热像仪 相关 温度 系数"
"R524","对软件进行修改"
"R524","软件 修改"
"R526","调整故障件"
"R526","调整 故障 件"
"R527","对软件进行调试"
"R527","软件 调试"
"R528","对软件进行调试"
"R528","软件 调试"
"R529","对软件进行调试"
"R529","软件 调试"
"R530","连接后故障消除"
"R530","连接 后 故障 消除"
"R531","对软件进行调试"
"R531","软件 调试"
"R532","对软件进行调试"
"R532","软件 调试"
"R533","使用螺纹胶加固螺钉，外场更换齿轮箱"
"R533","螺纹 胶 加固 螺钉 外场 更换 齿轮箱"
"R534","返厂维修"
"R534","返厂 维修"
"R535","返厂维修"
"R535","返厂 维修"
"R536","更换故障件"
"R536","更换 故障 件"
"R537","走线位置重新布局，导线包扎"
"R537","走线 位置 布局 导线 包扎"
"R538","重新正确设置计算机主板BIOS"
"R538","正确 设置 计算机 主板 BIOS"
"R539","更换故障件"
"R539","更换 故障 件"
"R540","更换故障件"
"R540","更换 故障 件"
"R540","插紧CP卡插排"
"R540","插紧 CP 卡 插排"
"R540","加装弹性垫圈"
"R540","加装 弹性 垫圈"
"R541","将电缆紧固后正常"
"R541","电缆 紧固 后"
"R542","修复故障件"
"R542","修复 故障 件"
"R543","修复故障件"
"R543","修复 故障 件"
"R544","重新焊接接收单元变频器电源线"
"R544","焊接 接收 单元 变频器 电源线"
"R545","更换故障件"
"R545","更换 故障 件"
"R546","对飞机重新加电"
"R546","飞机 加电"
"R547","紧固接收机入口信号电缆"
"R547","紧固 接收机 入口 信号电缆"
"R549","重新插拔接头线"
"R549","插拔 接头 线"
"R553","更换故障件"
"R553","更换 故障 件"
"R554","更换故障件"
"R554","更换 故障 件"
"R555","更换故障件"
"R555","更换 故障 件"
"R557","更换故障件"
"R557","更换 故障 件"
"R558","更换故障件"
"R558","更换 故障 件"
"R559","更换故障件"
"R559","更换 故障 件"
"R560","更换故障件"
"R560","更换 故障 件"
"R563","非故障"
"R563","非 故障"
"R565","更换故障件"
"R565","更换 故障 件"
"R566","更换故障件"
"R566","更换 故障 件"
"R567","更换故障件"
"R567","更换 故障 件"
"R568","将标识指令类型字节中的数据变为有效数据后，应答机即能正确接收处理高度数据"
"R568","标识 指令 类型 字节 中 数据 变为 数据 后 应答机 即能 正确 接收 高度 数据"
"R571","更换卫星频段"
"R571","更换 卫星 频段"
"R572","更换卫星频段"
"R572","更换 卫星 频段"
"R573","更换故障件"
"R573","更换 故障 件"
"R577","更换故障件"
"R577","更换 故障 件"
"R578","更换故障件"
"R578","更换 故障 件"
"R585","厂家维修"
"R585","厂家 维修"
"R586","更换故障件"
"R586","更换 故障 件"
"R588","更换故障件"
"R588","更换 故障 件"
"R589","厂家维修故障件"
"R589","厂家 维修 故障 件"
"R590","紧固电瓶电缆"
"R590","紧固 电瓶 电缆"
"R591","厂家现场维修故障件"
"R591","厂家 现场 维修 故障 件"
"R592","更换故障件"
"R592","更换 故障 件"
"R594","更换故障件"
"R594","更换 故障 件"
"R595","非故障"
"R595","非 故障"
"R596","更改网口连接"
"R596","更改 网口 连接"
"R597","更换故障件"
"R597","更换 故障 件"
"R598","重新安装散热片"
"R598","重新安装 散热片"
"R600","更换故障件"
"R600","更换 故障 件"
"R603","更换故障件"
"R603","更换 故障 件"
"R605","更换故障件"
"R605","更换 故障 件"
"R615","更换故障件"
"R615","更换 故障 件"
"R616","更换故障件"
"R616","更换 故障 件"
"R617","重接信号线"
"R617","重接 信号线"
"R618","用酒精擦拭主板"
"R618","酒精 擦拭 主板"
"R619","将减速机齿轮与轴中间松动的键紧固"
"R619","减速机 齿轮 轴 松动 键 紧固"
"R620","更换故障件"
"R620","更换 故障 件"
"R622","非故障"
"R622","非 故障"
"R625","更换故障件"
"R625","更换 故障 件"
"R627","更换故障件"
"R627","更换 故障 件"
"R629","更换CMOS电池"
"R629","更换 CMOS 电池"
"R631","BIOS电池"
"R631","BIOS 电池"
"R632","更换故障件"
"R632","更换 故障 件"
"R635","更换故障件"
"R635","更换 故障 件"
"R639","更换故障件"
"R639","更换 故障 件"
"R640","更换故障件"
"R640","更换 故障 件"
"R642","更换故障件"
"R642","更换 故障 件"
"R642","更换故障件"
"R642","更换 故障 件"
"R642","更换故障件"
"R642","更换 故障 件"
"R642","更换故障件"
"R642","更换 故障 件"
"R644","更换信号线"
"R644","更换 信号线"
"R645","更换故障件"
"R645","更换 故障 件"
"R653","更换故障件"
"R653","更换 故障 件"
"R654","升级软件"
"R654","升级 软件"
"R655","更换故障件"
"R655","更换 故障 件"
"R656","更换故障件"
"R656","更换 故障 件"
"R660","更换故障件"
"R660","更换 故障 件"
"R661","更换故障件"
"R661","更换 故障 件"
"R662","更换故障件"
"R662","更换 故障 件"
"R663","更换故障件"
"R663","更换 故障 件"
"R665","更改设计，更换故障件"
"R665","更改 设计 更换 故障 件"
"R666","更改设计，更换故障件"
"R666","更改 设计 更换 故障 件"
"R667","更改软件"
"R667","更改 软件"
"R668","更换故障件"
"R668","更换 故障 件"
"R672","重新固定排气口和消声器结合部分"
"R672","固定 排气口 消声器"
"R673","更换故障件"
"R673","更换 故障 件"
"R678","紧固油机电源"
"R678","紧固 油机 电源"
"R681","更换故障件"
"R681","更换 故障 件"
"R682","更换故障件"
"R682","更换 故障 件"
"R683","更换故障件"
"R683","更换 故障 件"
"R686","非故障"
"R686","非 故障"
"R693","更换故障件"
"R693","更换 故障 件"
"R695","返修下罩，重新钻孔"
"R695","返修 下罩 钻孔"
"R696","修锉短舱上、下罩后缘"
"R696","修 锉 短舱 上 下 罩 后缘"
"R697","使滑油温度上升到100℃以上，排出滑油中的水分后，故障排除"
"R697","使滑油 温度 100 排出 滑油 中 水分 后 故障 排除"
"R698","更换气缸缸头，更换气门顶杆，更换液压挺柱"
"R698","更换 气缸 缸 头 更换 气门 顶杆 更换 液压 挺柱"
"R699","将脱焊部位打磨、补焊"
"R699","脱焊 部位 打磨 补焊"
"R700","更换故障件"
"R700","更换 故障 件"
"R700","更换故障件"
"R700","更换 故障 件"
"R701","更换故障件"
"R701","更换 故障 件"
"R702","更换故障件"
"R702","更换 故障 件"
"R702","更换故障件"
"R702","更换 故障 件"
"R705","更换故障件"
"R705","更换 故障 件"
"R706","重新安装"
"R706","重新安装"
"R707","重新安装"
"R707","重新安装"
"R708","重新安装"
"R708","重新安装"
"R709","更换故障件"
"R709","更换 故障 件"
"R710","更换故障件"
"R710","更换 故障 件"
"R713","更换故障件"
"R713","更换 故障 件"
"R715","非故障"
"R715","非 故障"
"R716","对安装孔扩孔"
"R716","安装 孔 扩孔"
"R717","紧固螺母"
"R717","紧固 螺母"
"R718","更换故障件"
"R718","更换 故障 件"
"R719","更换故障件"
"R719","更换 故障 件"
"R720","非故障"
"R720","非 故障"
"R721","更换故障件"
"R721","更换 故障 件"
"R722","重新焊接故障点"
"R722","焊接 故障 点"
"R723","更换故障件"
"R723","更换 故障 件"
"R724","非故障"
"R724","非 故障"
"R725","更换故障件"
"R725","更换 故障 件"
"R726","非故障"
"R726","非 故障"
"R727","更换故障件，补充润滑油"
"R727","更换 故障 件 补充 润滑油"
"R728","更换故障件"
"R728","更换 故障 件"
"R729","更换故障件"
"R729","更换 故障 件"
"R731","更换故障件，并正确安装"
"R731","更换 故障 件 正确 安装"
"R732","更换故障件，并正确安装"
"R732","更换 故障 件 正确 安装"
"R733","更换故障件，并正确安装"
"R733","更换 故障 件 正确 安装"
"R735","更换故障件，并正确安装"
"R735","更换 故障 件 正确 安装"
"R736","更换故障件，并正确安装"
"R736","更换 故障 件 正确 安装"
"R738","按图纸要求正确安装"
"R738","图纸 正确 安装"
"R739","按图纸要求正确安装"
"R739","图纸 正确 安装"
"R740","按图纸要求正确安装"
"R740","图纸 正确 安装"
"R741","更换故障件"
"R741","更换 故障 件"
"R742","按图纸要求正确安装"
"R742","图纸 正确 安装"
"R743","按图纸要求正确加工"
"R743","图纸 正确 加工"
"R744","按图纸要求正确加工"
"R744","图纸 正确 加工"
"R746","按图纸要求正确安装"
"R746","图纸 正确 安装"
"R747","按图纸要求正确安装"
"R747","图纸 正确 安装"
"R747","按图纸要求正确安装"
"R747","图纸 正确 安装"
"R747","更换故障件"
"R747","更换 故障 件"
"R747","按图纸要求正确加工"
"R747","图纸 正确 加工"
"R747","按图纸要求正确安装"
"R747","图纸 正确 安装"
"R747","更换故障件"
"R747","更换 故障 件"
"R748","更换故障件"
"R748","更换 故障 件"
"R749","更换故障件"
"R749","更换 故障 件"
"R750","更换故障件"
"R750","更换 故障 件"
"R751","更换故障件"
"R751","更换 故障 件"
"R752","更换故障件"
"R752","更换 故障 件"
"R753","更换故障件"
"R753","更换 故障 件"
"R754","更换故障件"
"R754","更换 故障 件"
"R755","更换故障件"
"R755","更换 故障 件"
"R756","按图纸要求正确加工"
"R756","图纸 正确 加工"
"R757","按图纸要求正确安装"
"R757","图纸 正确 安装"
"R758","按图纸要求正确加工"
"R758","图纸 正确 加工"
"R761","按图纸要求正确加工"
"R761","图纸 正确 加工"
"R761","按图纸要求正确加工"
"R761","图纸 正确 加工"
"R762","按图纸要求正确安装"
"R762","图纸 正确 安装"
"R763","按图纸要求正确加工"
"R763","图纸 正确 加工"
"R764","按图纸要求正确安装"
"R764","图纸 正确 安装"
"R764","更改螺钉"
"R764","更改 螺钉"
"R764","按图纸要求正确加工"
"R764","图纸 正确 加工"
"R765","提供可剥垫块用以调整KU天线水平"
"R765","提供 剥 垫块 用以 调整 KU 天线 水平"
"R766","按图纸要求正确加工"
"R766","图纸 正确 加工"
"R766","按图纸要求正确安装"
"R766","图纸 正确 安装"
"R767","按图纸要求正确加工"
"R767","图纸 正确 加工"
"R768","按图纸要求正确安装"
"R768","图纸 正确 安装"
"R769","更换故障件"
"R769","更换 故障 件"
"R770","返修发动机短舱下罩"
"R770","返修 发动机 短舱 下罩"
"R771","修锉故障件"
"R771","修 锉 故障 件"
"R772","清洗管路系统及成品，重新安装"
"R772","清洗 管路 系统 成品 重新安装"
"R772","换故障件"
"R772","换 故障 件"
"R772","更换地面液压车给液压电动泵、应急电动泵供电"
"R772","更换 地面 液压 车 液压 电动泵 应急 电动泵 供电"
"R773","完善工艺，在密封试验后增加清洗工序，将外筒与衬筒组件密封腔内的油清洗，吹干"
"R773","完善 工艺 密封 试验 后 增加 清洗 工序 外筒 衬筒 组件 密封 腔 内 油 清洗 吹干"
"R774","完善工艺，在密封试验后增加清洗工序，将外筒与衬筒组件密封腔内的油清洗，吹干"
"R774","完善 工艺 密封 试验 后 增加 清洗 工序 外筒 衬筒 组件 密封 腔 内 油 清洗 吹干"
"R775","更换故障件"
"R775","更换 故障 件"
"R776","重新调整舱门拉杆"
"R776","调整 舱门 拉杆"
"R777","更换故障件"
"R777","更换 故障 件"
"R779","更换密封件和易损件"
"R779","更换 密封件 易损件"
"R780","更换故障件"
"R780","更换 故障 件"
"R781","更换故障件"
"R781","更换 故障 件"
"R782","发生冷粘连的继电器在后续使用过程中发生再次粘连的可能性很小，可暂不处理"
"R782","发生 冷 粘连 继电器 后续 过程 中 发生 粘连 可能性 很小 可暂 不"
"R783","更换故障件"
"R783","更换 故障 件"
"R784","更换故障件"
"R784","更换 故障 件"
"R785","更换故障件"
"R785","更换 故障 件"
"R787","更换继电器"
"R787","更换 继电器"
"R788","经一段时间磨合，产品输出电压恢复正常，非故障"
"R788","一段时间 磨合 产品 输出 电压 恢复正常 非 故障"
"R789","更换故障件"
"R789","更换 故障 件"
"R791","更换故障件"
"R791","更换 故障 件"
"R793","更换故障件"
"R793","更换 故障 件"
"R794","更换故障件"
"R794","更换 故障 件"
"R794","更换故障件"
"R794","更换 故障 件"
"R795","更换故障件"
"R795","更换 故障 件"
"R797","对元器件重新补焊"
"R797","元器件 补焊"
"R798","对元器件重新补焊"
"R798","元器件 补焊"
"R799","更换故障件"
"R799","更换 故障 件"
"R800","对元器件重新补焊"
"R800","元器件 补焊"
"R801","重新焊接"
"R801","焊接"
"R803","紧固故障件"
"R803","紧固 故障 件"
"R804","更换故障件"
"R804","更换 故障 件"
"R805","对线缆处理后恢复正常，将电缆头和附件紧固"
"R805","线缆 后 恢复正常 电缆头 附件 紧固"
"R806","对线缆处理后恢复正常，将电缆头和附件紧固"
"R806","线缆 后 恢复正常 电缆头 附件 紧固"
"R807","更换功放电源模块脱落的滤波电容"
"R807","更换 功放 电源模块 脱落 滤波 电容"
"R808","更换故障件"
"R808","更换 故障 件"
"R810","更换故障件"
"R810","更换 故障 件"
"R811","重新安装，并对天线跟踪设备零值重新进行标定后"
"R811","重新安装 天线 跟踪 设备 零值 标定 后"
"R812","更换故障件"
"R812","更换 故障 件"
"R814","局部修锉发电机轴套耳片"
"R814","局部 修 锉 发电机 轴套 耳片"
"R815","局部修锉发电机轴套耳片"
"R815","局部 修 锉 发电机 轴套 耳片"
"R816","局部修锉发电机轴套耳片"
"R816","局部 修 锉 发电机 轴套 耳片"
"R817","局部修锉发电机轴套耳片"
"R817","局部 修 锉 发电机 轴套 耳片"
"R818","局部修锉发电机轴套耳片"
"R818","局部 修 锉 发电机 轴套 耳片"
"R819","局部修锉发电机轴套耳片"
"R819","局部 修 锉 发电机 轴套 耳片"
"R820","局部修锉发电机轴套耳片"
"R820","局部 修 锉 发电机 轴套 耳片"
"R824","更换故障件"
"R824","更换 故障 件"
"R825","更换故障件"
"R825","更换 故障 件"
"R826","更换故障件"
"R826","更换 故障 件"
"R827","更换故障件"
"R827","更换 故障 件"
"R828","更换故障件"
"R828","更换 故障 件"
"R829","更换故障件"
"R829","更换 故障 件"
"R830","更换故障件，按图纸安装"
"R830","更换 故障 件 图纸 安装"
"R831","更换故障件，按图纸安装"
"R831","更换 故障 件 图纸 安装"
"R832","更换故障件，按图纸安装"
"R832","更换 故障 件 图纸 安装"
"R833","更换故障件，按图纸安装"
"R833","更换 故障 件 图纸 安装"
"R834","更换故障件，按图纸安装"
"R834","更换 故障 件 图纸 安装"
"R835","更换故障件，按图纸安装"
"R835","更换 故障 件 图纸 安装"
"R836","更换故障件，按图纸安装"
"R836","更换 故障 件 图纸 安装"
"R837","重新测绘，按照图纸进行装配"
"R837","测绘 图纸 装配"
"R838","按图纸重新开孔"
"R838","图纸 开孔"
"R839","按图纸重新开孔"
"R839","图纸 开孔"
"R840","按图纸重新开孔"
"R840","图纸 开孔"
"R841","维修故障件"
"R841","维修 故障 件"
"R842","维修故障件"
"R842","维修 故障 件"
"R843","维修故障件"
"R843","维修 故障 件"
"R844","重新制造工装，用新的工装制造冷却风罩"
"R844","制造 工装 新 工装 制造 冷却 风罩"
"R845","重新制造工装，用新的工装制造冷却风罩"
"R845","制造 工装 新 工装 制造 冷却 风罩"
"R846","重新制造工装，用新的工装制造冷却风罩"
"R846","制造 工装 新 工装 制造 冷却 风罩"
"R847","重新制造工装，用新的工装制造冷却风罩"
"R847","制造 工装 新 工装 制造 冷却 风罩"
"R848","重新制造工装，用新的工装制造冷却风罩"
"R848","制造 工装 新 工装 制造 冷却 风罩"
"R849","重新制造工装，用新的工装制造冷却风罩"
"R849","制造 工装 新 工装 制造 冷却 风罩"
"R850","重新制造工装，用新的工装制造冷却风罩"
"R850","制造 工装 新 工装 制造 冷却 风罩"
"R851","重新制造工装，用新的工装制造冷却风罩"
"R851","制造 工装 新 工装 制造 冷却 风罩"
"R852","重新制造工装，用新的工装制造冷却风罩"
"R852","制造 工装 新 工装 制造 冷却 风罩"
"R853","重新制造工装，用新的工装制造冷却风罩"
"R853","制造 工装 新 工装 制造 冷却 风罩"
"R854","重新制造工装，用新的工装制造冷却风罩"
"R854","制造 工装 新 工装 制造 冷却 风罩"
"R855","重新制造工装，用新的工装制造冷却风罩"
"R855","制造 工装 新 工装 制造 冷却 风罩"
"R856","对故障件滚波位置进行修理"
"R856","故障 件 滚波 位置 修理"
"R858","按图纸对故障件重新开孔并安装"
"R858","图纸 故障 件 开孔 安装"
"R859","按图纸对故障件重新开孔并安装"
"R859","图纸 故障 件 开孔 安装"
"R861","更换滑油滤"
"R861","更换 滑油滤"
"R863","更换故障件"
"R863","更换 故障 件"
"R864","重新胶接"
"R864","胶接"
"R866","更换故障件"
"R866","更换 故障 件"
"R867","更换故障件"
"R867","更换 故障 件"
"R869","更换故障件"
"R869","更换 故障 件"
"R871","更换故障件"
"R871","更换 故障 件"
"R872","更换故障件"
"R872","更换 故障 件"
"R873","维修故障件，更改变距碳刷安装螺钉的安装方式"
"R873","维修 故障 件 更 改变 距 碳刷 安装 螺钉 安装 方式"
"R874","经汽油浸泡后故障排除，非故障"
"R874","汽油 浸泡 后 故障 排除 非 故障"
"R875","更换故障件"
"R875","更换 故障 件"
"R879","撕掉防护贴"
"R879","撕掉 防护 贴"
"R880","撕掉防护贴"
"R880","撕掉 防护 贴"
"R881","撕掉防护贴"
"R881","撕掉 防护 贴"
"R882","撕掉防护贴"
"R882","撕掉 防护 贴"
"R883","撕掉防护贴"
"R883","撕掉 防护 贴"
"R884","撕掉防护贴"
"R884","撕掉 防护 贴"
"R885","更换故障件"
"R885","更换 故障 件"
"R887","更换故障件"
"R887","更换 故障 件"
"R888","拆开汽化器仔细清洗浮子室及针阀，组装汽化器安装至发动机打开油泵，故障现象消失"
"R888","拆开 汽化器 仔细 清洗 浮子 室及 针阀 组装 汽化器 安装 发动机 打开 油泵 故障 现象 消失"
"R891","更换故障件"
"R891","更换 故障 件"
"R893","对焊脚进行补焊"
"R893","对焊 脚 补焊"
"R894","对故障件进行焊接处理"
"R894","故障 件 焊接"
"R895","对软件升级，将速度反馈信号改为HALL速度"
"R895","软件 升级 速度 反馈 信号 改为 HALL 速度"
"R896","对软件升级，将速度反馈信号改为HALL速度"
"R896","软件 升级 速度 反馈 信号 改为 HALL 速度"
"R897","更换故障件"
"R897","更换 故障 件"
"R898","更换故障件"
"R898","更换 故障 件"
"R899","在平垫边缘会与印制线间增加绝缘垫片"
"R899","平垫 边缘 印制 线间 增加 绝缘 垫片"
"R900","更换故障件"
"R900","更换 故障 件"
"R901","更换故障件"
"R901","更换 故障 件"
"R902","更换故障件"
"R902","更换 故障 件"
"R903","在平垫与功率线之间增加绝缘垫片"
"R903","平垫 功率 线 之间 增加 绝缘 垫片"
"R904","在平垫与功率线之间增加绝缘垫片"
"R904","平垫 功率 线 之间 增加 绝缘 垫片"
"R910","更换导电环等接插件，对平台重新进行了密封处理"
"R910","更换 导电 环等 接插件 平台 密封"
"R911","清洁接管嘴滤网，更换全压振动筒"
"R911","清洁 接管 嘴 滤网 更换 全压 振动 筒"
"R912","粘接接触点组件，重新调整性能"
"R912","粘接 接触点 组件 调整 性能"
"R913","更换新的连接键"
"R913","更换 新 连接 键"
"R914","更换新的连接键"
"R914","更换 新 连接 键"
"R915","更换故障件"
"R915","更换 故障 件"
"R917","升级软件"
"R917","升级 软件"
"R918","更换地板组件，重新调整各框架间隙"
"R918","更换 地板 组件 调整 框架 间隙"
"R921","更换故障件"
"R921","更换 故障 件"
"R922","更换故障件"
"R922","更换 故障 件"
"R923","更换故障件"
"R923","更换 故障 件"
"R924","更换故障件"
"R924","更换 故障 件"
"R925","更换故障件"
"R925","更换 故障 件"
"R928","更换故障件"
"R928","更换 故障 件"
"R928","依照图纸进行修理"
"R928","图纸 修理"
"R928","依照图纸进行修理"
"R928","图纸 修理"
"R929","更换故障件"
"R929","更换 故障 件"
"R929","依照图纸进行修理"
"R929","图纸 修理"
"R929","依照图纸进行修理"
"R929","图纸 修理"
"R930","更换故障件"
"R930","更换 故障 件"
"R930","依照图纸进行修理"
"R930","图纸 修理"
"R931","更换故障件"
"R931","更换 故障 件"
"R931","依照图纸进行修理"
"R931","图纸 修理"
"R932","更换故障件"
"R932","更换 故障 件"
"R932","依照图纸进行修理"
"R932","图纸 修理"
"R933","更换故障件"
"R933","更换 故障 件"
"R933","更换搭铁带"
"R933","更换 搭铁带"
"R934","更换故障件"
"R934","更换 故障 件"
"R935","依照图纸进行修理"
"R935","图纸 修理"
"R935","依照图纸进行修理"
"R935","图纸 修理"
"R935","依照图纸进行修理"
"R935","图纸 修理"
"R935","依照图纸进行修理"
"R935","图纸 修理"
"R935","依照图纸进行修理"
"R935","图纸 修理"
"R935","依照图纸进行修理"
"R935","图纸 修理"
"R935","依照图纸进行修理"
"R935","图纸 修理"
"R935","更换故障件"
"R935","更换 故障 件"
"R936","依照图纸进行修理"
"R936","图纸 修理"
"R936","依照图纸进行修理"
"R936","图纸 修理"
"R936","更换故障件"
"R936","更换 故障 件"
"R937","依照图纸进行修理"
"R937","图纸 修理"
"R937","依照图纸进行修理"
"R937","图纸 修理"
"R937","更换故障件"
"R937","更换 故障 件"
"R938","依照图纸进行修理"
"R938","图纸 修理"
"R938","依照图纸进行修理"
"R938","图纸 修理"
"R938","依照图纸进行修理"
"R938","图纸 修理"
"R938","依照图纸进行修理"
"R938","图纸 修理"
"R938","更换故障件"
"R938","更换 故障 件"
"R939","依照图纸进行修理"
"R939","图纸 修理"
"R939","依照图纸进行修理"
"R939","图纸 修理"
"R939","依照图纸进行修理"
"R939","图纸 修理"
"R939","依照图纸进行修理"
"R939","图纸 修理"
"R939","依照图纸进行修理"
"R939","图纸 修理"
"R939","更换故障件"
"R939","更换 故障 件"
"R940","依照图纸进行修理"
"R940","图纸 修理"
"R940","依照图纸进行修理"
"R940","图纸 修理"
"R940","依照图纸进行修理"
"R940","图纸 修理"
"R940","依照图纸进行修理"
"R940","图纸 修理"
"R940","依照图纸进行修理"
"R940","图纸 修理"
"R940","更换故障件"
"R940","更换 故障 件"
"R941","依照图纸进行修理"
"R941","图纸 修理"
"R941","依照图纸进行修理"
"R941","图纸 修理"
"R941","依照图纸进行修理"
"R941","图纸 修理"
"R941","依照图纸进行修理"
"R941","图纸 修理"
"R941","更换故障件"
"R941","更换 故障 件"
"R942","依照图纸进行修理"
"R942","图纸 修理"
"R942","更换故障件"
"R942","更换 故障 件"
"R943","依照图纸进行修理"
"R943","图纸 修理"
"R943","更换故障件"
"R943","更换 故障 件"
"R944","依照图纸进行修理"
"R944","图纸 修理"
"R944","依照图纸进行修理"
"R944","图纸 修理"
"R944","更换故障件"
"R944","更换 故障 件"
"R945","依照图纸进行修理"
"R945","图纸 修理"
"R945","依照图纸进行修理"
"R945","图纸 修理"
"R945","更换故障件"
"R945","更换 故障 件"
"R946","依照图纸进行修理"
"R946","图纸 修理"
"R946","更换故障件"
"R946","更换 故障 件"
"R947","依照图纸进行修理"
"R947","图纸 修理"
"R947","更换故障件"
"R947","更换 故障 件"
"R948","依照图纸进行修理"
"R948","图纸 修理"
"R948","更换故障件"
"R948","更换 故障 件"
"R949","依照图纸进行修理"
"R949","图纸 修理"
"R949","依照图纸进行修理"
"R949","图纸 修理"
"R950","依照图纸进行修理"
"R950","图纸 修理"
"R950","依照图纸进行修理"
"R950","图纸 修理"
"R951","依照图纸进行修理"
"R951","图纸 修理"
"R952","依照图纸进行修理"
"R952","图纸 修理"
"R953","依照图纸进行修理"
"R953","图纸 修理"
"R953","依照图纸进行修理"
"R953","图纸 修理"
"R954","依照图纸进行修理"
"R954","图纸 修理"
"R954","依照图纸进行修理"
"R954","图纸 修理"
"R955","依照图纸进行修理"
"R955","图纸 修理"
"R955","依照图纸进行修理"
"R955","图纸 修理"
"R956","打磨机头罩上用于安装前视摄像头玻璃片的下盖以消除与空速管的干涉"
"R956","打磨机 头罩 上 用于 安装 前视 摄像头 玻璃片 下 盖 消除 空速 干涉"
"R957","打磨机头罩上用于安装前视摄像头玻璃片的下盖以消除与空速管的干涉"
"R957","打磨机 头罩 上 用于 安装 前视 摄像头 玻璃片 下 盖 消除 空速 干涉"
"R958","打磨机头罩上用于安装前视摄像头玻璃片的下盖以消除与空速管的干涉"
"R958","打磨机 头罩 上 用于 安装 前视 摄像头 玻璃片 下 盖 消除 空速 干涉"
"R959","依照图纸进行修理"
"R959","图纸 修理"
"R960","依照图纸进行修理"
"R960","图纸 修理"
"R961","依照图纸进行修理"
"R961","图纸 修理"
"R962","依照图纸进行修理"
"R962","图纸 修理"
"R963","依照图纸进行修理"
"R963","图纸 修理"
"R964","依照图纸进行修理"
"R964","图纸 修理"
"R965","依照图纸进行修理"
"R965","图纸 修理"
"R966","依照图纸进行修理"
"R966","图纸 修理"
"R966","对左侧可拆卸蒙皮组件、右侧可拆卸蒙皮组件及机身连接处涂密封胶"
"R966","左侧 可拆卸 蒙皮 组件 右侧 可拆卸 蒙皮 组件 机身 连接处 涂 密封胶"
"R967","依照图纸进行修理"
"R967","图纸 修理"
"R967","对左侧可拆卸蒙皮组件、右侧可拆卸蒙皮组件及机身连接处涂密封胶"
"R967","左侧 可拆卸 蒙皮 组件 右侧 可拆卸 蒙皮 组件 机身 连接处 涂 密封胶"
"R967","依照图纸进行修理"
"R967","图纸 修理"
"R968","对左侧可拆卸蒙皮组件、右侧可拆卸蒙皮组件及机身连接处涂密封胶"
"R968","左侧 可拆卸 蒙皮 组件 右侧 可拆卸 蒙皮 组件 机身 连接处 涂 密封胶"
"R969","依照图纸进行修理"
"R969","图纸 修理"
"R969","对左侧可拆卸蒙皮组件、右侧可拆卸蒙皮组件及机身连接处涂密封胶"
"R969","左侧 可拆卸 蒙皮 组件 右侧 可拆卸 蒙皮 组件 机身 连接处 涂 密封胶"
"R970","对左侧可拆卸蒙皮组件、右侧可拆卸蒙皮组件及机身连接处涂密封胶"
"R970","左侧 可拆卸 蒙皮 组件 右侧 可拆卸 蒙皮 组件 机身 连接处 涂 密封胶"
"R971","对左侧可拆卸蒙皮组件、右侧可拆卸蒙皮组件及机身连接处涂密封胶"
"R971","左侧 可拆卸 蒙皮 组件 右侧 可拆卸 蒙皮 组件 机身 连接处 涂 密封胶"
"R972","对左侧可拆卸蒙皮组件、右侧可拆卸蒙皮组件及机身连接处涂密封胶"
"R972","左侧 可拆卸 蒙皮 组件 右侧 可拆卸 蒙皮 组件 机身 连接处 涂 密封胶"
"R973","对左侧可拆卸蒙皮组件、右侧可拆卸蒙皮组件及机身连接处涂密封胶"
"R973","左侧 可拆卸 蒙皮 组件 右侧 可拆卸 蒙皮 组件 机身 连接处 涂 密封胶"
"R974","对左侧可拆卸蒙皮组件、右侧可拆卸蒙皮组件及机身连接处涂密封胶"
"R974","左侧 可拆卸 蒙皮 组件 右侧 可拆卸 蒙皮 组件 机身 连接处 涂 密封胶"
"R975","对左侧可拆卸蒙皮组件、右侧可拆卸蒙皮组件及机身连接处涂密封胶"
"R975","左侧 可拆卸 蒙皮 组件 右侧 可拆卸 蒙皮 组件 机身 连接处 涂 密封胶"
"R976","拆卸方向舵，在上轴座接头与VG8轴承间隙处增加垫圈"
"R976","拆卸 方向舵 上轴座 接头 VG8 轴承 间隙 处 增加 垫圈"
"R976","对左侧可拆卸蒙皮组件、右侧可拆卸蒙皮组件及机身连接处涂密封胶"
"R976","左侧 可拆卸 蒙皮 组件 右侧 可拆卸 蒙皮 组件 机身 连接处 涂 密封胶"
"R977","重新测绘后装配"
"R977","测绘 后 装配"
"R980","依照图纸进行修理"
"R980","图纸 修理"
"R981","依照图纸进行修理"
"R981","图纸 修理"
"R982","依照图纸进行修理"
"R982","图纸 修理"
"R983","对故障件进行修理"
"R983","故障 件 修理"
"R984","已发生锈蚀的零件，去除表面油污，打磨表面，涂抹润滑脂"
"R984","已 发生 锈蚀 零件 去除 表面 油污 打磨 表面 涂抹 润滑脂"
"R985","已发生锈蚀的零件，去除表面油污，打磨表面，涂抹润滑脂"
"R985","已 发生 锈蚀 零件 去除 表面 油污 打磨 表面 涂抹 润滑脂"
"R986","已发生锈蚀的零件，去除表面油污，打磨表面，涂抹润滑脂"
"R986","已 发生 锈蚀 零件 去除 表面 油污 打磨 表面 涂抹 润滑脂"
"R987","已发生锈蚀的零件，去除表面油污，打磨表面，涂抹润滑脂"
"R987","已 发生 锈蚀 零件 去除 表面 油污 打磨 表面 涂抹 润滑脂"
"R988","已发生锈蚀的零件，去除表面油污，打磨表面，涂抹润滑脂"
"R988","已 发生 锈蚀 零件 去除 表面 油污 打磨 表面 涂抹 润滑脂"
"R989","已发生锈蚀的零件，去除表面油污，打磨表面，涂抹润滑脂"
"R989","已 发生 锈蚀 零件 去除 表面 油污 打磨 表面 涂抹 润滑脂"
"R990","已发生锈蚀的零件，去除表面油污，打磨表面，涂抹润滑脂"
"R990","已 发生 锈蚀 零件 去除 表面 油污 打磨 表面 涂抹 润滑脂"
"R991","打磨相机维护口盖，消除相机维护口盖与数码相机镜头的干涉"
"R991","打磨 相机 维护 口盖 消除 相机 维护 口盖 数码相机 镜头 干涉"
"R992","打磨相机维护口盖，消除相机维护口盖与数码相机镜头的干涉"
"R992","打磨 相机 维护 口盖 消除 相机 维护 口盖 数码相机 镜头 干涉"
"R993","打磨相机维护口盖，消除相机维护口盖与数码相机镜头的干涉"
"R993","打磨 相机 维护 口盖 消除 相机 维护 口盖 数码相机 镜头 干涉"
"R994","重新安装用于安装数码相机的嵌入件"
"R994","重新安装 用于 安装 数码相机 嵌入 件"
"R995","重新安装用于安装数码相机的嵌入件"
"R995","重新安装 用于 安装 数码相机 嵌入 件"
"R996","维修故障件"
"R996","维修 故障 件"
"R997","维修故障件"
"R997","维修 故障 件"
"R998","重新制造工装，用新的工装制造冷却风罩"
"R998","制造 工装 新 工装 制造 冷却 风罩"
"R999","重新制造工装，用新的工装制造冷却风罩"
"R999","制造 工装 新 工装 制造 冷却 风罩"
"R1000","重新制造工装，用新的工装制造冷却风罩"
"R1000","制造 工装 新 工装 制造 冷却 风罩"
"R1001","重新制造工装，用新的工装制造冷却风罩"
"R1001","制造 工装 新 工装 制造 冷却 风罩"
"R1002","重新制造工装，用新的工装制造冷却风罩"
"R1002","制造 工装 新 工装 制造 冷却 风罩"
"R1003","重新制造工装，用新的工装制造冷却风罩"
"R1003","制造 工装 新 工装 制造 冷却 风罩"
"R1004","重新制造工装，用新的工装制造冷却风罩"
"R1004","制造 工装 新 工装 制造 冷却 风罩"
"R1005","重新制造工装，用新的工装制造冷却风罩"
"R1005","制造 工装 新 工装 制造 冷却 风罩"
"R1006","重新制造工装，用新的工装制造冷却风罩"
"R1006","制造 工装 新 工装 制造 冷却 风罩"
"R1007","重新制造工装，用新的工装制造冷却风罩"
"R1007","制造 工装 新 工装 制造 冷却 风罩"
"R1008","重新制造工装，用新的工装制造冷却风罩"
"R1008","制造 工装 新 工装 制造 冷却 风罩"
"R1009","重新制造工装，用新的工装制造冷却风罩"
"R1009","制造 工装 新 工装 制造 冷却 风罩"
"R1012","依照图纸进行修理"
"R1012","图纸 修理"
"R1013","提供缺失件并重新安装"
"R1013","提供 缺失 件 重新安装"
"R1015","更换故障件"
"R1015","更换 故障 件"
"R1016","依照图纸进行修理"
"R1016","图纸 修理"
"R1017","更换故障件"
"R1017","更换 故障 件"
"R1024","重新胶接"
"R1024","胶接"
"R1025","重装故障件"
"R1025","重装 故障 件"
"R1028","更换故障件"
"R1028","更换 故障 件"
"R1029","对故障件进行修理"
"R1029","故障 件 修理"
"R1030","更换故障件"
"R1030","更换 故障 件"
"R1033","重新安装传感器，并增加密封垫"
"R1033","重新安装 传感器 增加 密封垫"
"R1034","更换故障件"
"R1034","更换 故障 件"
"R1051","更换二极管重新调节励磁电路"
"R1051","更换 二极管 调节 励磁电 路"
"R1052","更换二极管重新调节励磁电路"
"R1052","更换 二极管 调节 励磁电 路"
"R1054","将机上3组2Ah串联单体进行并联"
"R1054","机上 3 组 2 Ah 串联 单体 并联"
"R1056","更换故障件"
"R1056","更换 故障 件"
"R1057","更换故障件"
"R1057","更换 故障 件"
"R1060","对IGBT模块栅极接线铜柱进行紧固"
"R1060","IGBT 模块 栅极 接线 铜柱 紧固"
"R1061","更换故障件"
"R1061","更换 故障 件"
"R1062","更换故障件"
"R1062","更换 故障 件"
"R1063","对主控制盒、惯导进行了修复，对机上交流直流相关电缆进行了更改，将单向变更换新品"
"R1063","主控制 盒 惯 导 修复 机上 交流 直流 相关 电缆 更改 单向 变 更换 新品"
"R1064","对LM7815列线进行重新处理"
"R1064","LM7815 列线 重新处理"
"R1068","更换故障件"
"R1068","更换 故障 件"
"R1069","更换故障件"
"R1069","更换 故障 件"
"R1071","更换故障件"
"R1071","更换 故障 件"
"R1072","更换故障件"
"R1072","更换 故障 件"
"R1079","对放大器进行补焊后"
"R1079","放大器 补焊 后"
"R1080","更换故障件"
"R1080","更换 故障 件"
"R1082","更换故障件"
"R1082","更换 故障 件"
"R1083","更换故障件"
"R1083","更换 故障 件"
"R1084","更换故障件"
"R1084","更换 故障 件"
"R1085","更换故障件"
"R1085","更换 故障 件"
"R1086","进行标零和校相"
"R1086","标零和校 相"
"R1087","更换故障件"
"R1087","更换 故障 件"
"R1088","更换故障件"
"R1088","更换 故障 件"
"",""
"",""
"",""
"",""
