"id","appearance"
"R1","1、2、4号缸渗漏滑油"
"R1","1 2 4 号 缸 渗漏 滑油"
"R2","发动机缸头回油管渗漏滑油"
"R2","发动机 缸 头 回 油管 渗漏 滑油"
"R3","发动机冷机状态下进行试车，过程中工作异常并伴有喘振现象"
"R3","发动机 冷机 状态 下 试车 过程 中 工作 异常 伴有 喘振 现象"
"R4","发动机1号缸缸头冷却液弯头处渗漏"
"R4","发动机 1 号 缸 缸 头 冷却液 弯头 处 渗漏"
"R5","防护贴裂纹"
"R5","防护 贴 裂纹"
"R6","防护贴裂纹"
"R6","防护 贴 裂纹"
"R7","地面进行桨距大增大减，微减无反应"
"R7","地面 桨 距 大 增大 减 微减 无"
"R8","飞机在飞行过程中，桨距大增3次后，继续增桨距无效，但桨距减正常"
"R8","飞机 飞行 过程 中 桨 距 大增 3 次后 增桨 距 无效 桨 距减"
"R9","螺旋桨防护贴出现裂纹"
"R9","螺旋桨 防护 贴 裂纹"
"R10","调桨距时，桨距减幅度很小"
"R10","调桨 距时 桨 距减 幅度 很小"
"R11","桨距减工作不正常"
"R11","桨 距减 工作 不"
"R12","大增大减不连续，微增微减无反应"
"R12","大 增大 减不 连续 微增 微减 无"
"R13","大增大减不连续，微增微减无反应"
"R13","大 增大 减不 连续 微增 微减 无"
"R14","飞机在试车过程中无法对桨距进行增减"
"R14","飞机 试车 过程 中 桨 距 增减"
"R15","增减桨距无反应"
"R15","增减 桨 距 无"
"R16","冷却液散热器本体有渗漏"
"R16","冷却液 散热器 本体 渗漏"
"R17","冷却液散热器局部有渗漏"
"R17","冷却液 散热器 局部 渗漏"
"R18","空滤支架断裂"
"R18","空滤 支架 断裂"
"R18","排气2、4缸头温度传感器线缆破裂"
"R18","排气 2 4 缸 头 温度传感器 线缆 破裂"
"R19","启动油路回位不彻底，拆卸汽化器时启动油路钢索易打弯、分叉"
"R19","启动 油路 回位 不 拆卸 汽化器 时 启动 油路 钢索 易 打弯 分叉"
"R20","散热器支架与发动机机体连接处右侧圆杆断裂"
"R20","散热器 支架 发动机 机体 连接处 右侧 圆杆 断裂"
"R21","地检12V电源开启后，TCU故障警告灯黄色闪烁，废气活门舵机不工作，未自检，弹簧未运动"
"R21","地检 12 V 电源 开启 后 TCU 故障 警告 灯 黄色 闪烁 废气 活门 舵机 不 工作 未 自检 弹簧 未 运动"
"R22","燃油滤口盖处十字螺钉渗油"
"R22","燃油 滤 口盖 处 十字 螺钉 渗油"
"R23","燃油滤口盖处十字螺钉渗油"
"R23","燃油 滤 口盖 处 十字 螺钉 渗油"
"R26","起动油路钢索与钢索接头连接处有二分之一股断丝"
"R26","起动 油路 钢索 钢索 接头 连接处 二分之一 股断 丝"
"R27","地面检查发现散热器支架焊点处断裂"
"R27","地面 检查 发现 散热器 支架 焊点 处 断裂"
"R28","试车过程中，节风门推至100%时，转速达到5700rpm，排气管冒黑烟，并有2次放炮声音"
"R28","试车 过程 中 节 风门 推至 100 时 转速 5700 rpm 排气管 黑烟 2 次 放炮 声音"
"R30","飞行后检查发现，一叶螺旋桨迎风刀面前缘金属保护薄膜出现疑似挤压的褶皱和2条裂纹，存在砂眼"
"R30","飞行 后 检查 发现 一叶 螺旋桨 迎风 刀 面前 缘 金属 保护 薄膜 疑似 挤压 褶皱 2 条 裂纹 砂眼"
"R31","在更换桨距电机油脂时，检查发现碳刷断裂成6个碎块"
"R31","更换 桨 距 电机 油脂 时 检查 发现 碳刷 断裂 成 6 碎块"
"R32","增减桨距无效"
"R32","增减 桨 距 无效"
"R34","桨距电机内部螺杆头不固定"
"R34","桨 距 电机 内部 螺杆 头 不 固定"
"R35","桨距电机不工作"
"R35","桨 距 电机 不 工作"
"R36","桨距电机通电不工作"
"R36","桨 距 电机 通电 不 工作"
"R36","桨距角无法调到最小值"
"R36","桨 距角 调到 最小值"
"R36","桨距角无法调到最小值"
"R36","桨 距角 调到 最小值"
"R37","桨距电机端盖松动"
"R37","桨 距 电机 端盖 松动"
"R37","变距角度达不到标准"
"R37","变距 角度 达 不到 标准"
"R38","BGPS故障信号灯显示红色"
"R38","BGPS 故障 信号灯 显示 红色"
"R39","第一次通电时GPS接收机未能正确定位飞机位置，第二次通电正常"
"R39","第一次 通电 时 GPS 接收机 未能 正确 定位 飞机 位置 第二次 通电"
"R40","GPS接收机差分状态不稳定"
"R40","GPS 接收机 差分 状态 不 稳定"
"R41","GPS接收机差分状态不稳定"
"R41","GPS 接收机 差分 状态 不 稳定"
"R42","飞行联试时，上电40min后差分信号中断"
"R42","飞行 联试 时 上电 40 min 后 差分 信号 中断"
"R43","地面联试，左右大气数据计算机气压高度相差10左右"
"R43","地面 联试 大气 数据 计算机 气压 高度 相差 10"
"R44","地面联试，左右大气数据计算机气压高度相差10左右"
"R44","地面 联试 大气 数据 计算机 气压 高度 相差 10"
"R45","地面联试，左右大气数据计算机气压高度相差10左右"
"R45","地面 联试 大气 数据 计算机 气压 高度 相差 10"
"R46","地面联试，左右大气数据计算机气压高度相差10左右"
"R46","地面 联试 大气 数据 计算机 气压 高度 相差 10"
"R47","地面联试，左右大气数据计算机气压高度相差10左右"
"R47","地面 联试 大气 数据 计算机 气压 高度 相差 10"
"R48","地面联试，左右大气数据计算机气压高度相差10左右"
"R48","地面 联试 大气 数据 计算机 气压 高度 相差 10"
"R49","地面联试，左右大气数据计算机气压高度相差10左右"
"R49","地面 联试 大气 数据 计算机 气压 高度 相差 10"
"R50","气压高度超高"
"R50","气压 高度 超高"
"R51","气压高度超高"
"R51","气压 高度 超高"
"R52","气压高度超高"
"R52","气压 高度 超高"
"R53","气压高度超高"
"R53","气压 高度 超高"
"R56","外场试验中，高度表测量值超出误差范围"
"R56","外场 试验 中 高度表 测量 值 超出 误差"
"R57","无线高度表显示数值超出误差范围"
"R57","无线 高度表 显示 数值 超出 误差"
"R58","2号陀螺俯仰方向输出数值无变化"
"R58","2 号 陀螺 俯仰 方向 输出 数值 无 变化"
"R59","3号角速度陀螺俯仰通道无输出"
"R59","3 号 角速度 陀螺 俯仰 通道 无 输出"
"R60","1号角速度陀螺俯仰通道无输出"
"R60","1 号 角速度 陀螺 俯仰 通道 无 输出"
"R61","速率陀螺中俯仰2号陀螺晃动时显示数据不正确"
"R61","速率 陀螺 中 俯仰 2 号 陀螺 晃动 时 显示 数据 不 正确"
"R62","滑行时，角速率陀螺故障"
"R62","滑行 时 角 速率 陀螺 故障"
"R63","测控飞行中报一次故障"
"R63","测控 飞行 中报 故障"
"R64","飞行中陀螺报故"
"R64","飞行 中 陀螺 报故"
"R65","空中报一次故障"
"R65","空中 报 故障"
"R66","飞行中2号垂直陀螺报故"
"R66","飞行 中 2 号 垂直 陀螺 报故"
"R70","飞行时报故，飞参分析垂直陀螺输入值为“0”"
"R70","飞行 时报 飞参 分析 垂直 陀螺 输入 值为 0"
"R71","飞行时报故，飞参分析垂直陀螺输入值为“0”"
"R71","飞行 时报 飞参 分析 垂直 陀螺 输入 值为 0"
"R77","开车时，2号垂直陀螺俯仰超差，俯仰角不稳定"
"R77","开车 时 2 号 垂直 陀螺 俯仰 超差 俯仰角 不 稳定"
"R78","垂直陀螺俯仰超差"
"R78","垂直 陀螺 俯仰 超差"
"R80","接收卫星速度慢，4分钟未定位，收星数明显少于同等条件下其他同型号的接收机"
"R80","接收 卫星 速度慢 4 分钟 未 定位 收星数 少于 同等条件 下 同型号 接收机"
"R81","处理器1中断口故障，处理器1CCDL口故障；处理器2中断口故障，处理器2CCDL口故障；处理器3RAM口故障，处理器3NVM口故障，处理器3定时器1口故障，处理器3通道故障口故障，处理器3中断口故障，处理器3CCDL口故障，处理器3CPU口故障"
"R81","处理器 1 中断 口 故障 处理器 1 CCDL 口 故障 处理器 2 中断 口 故障 处理器 2 CCDL 口 故障 处理器 3 RAM 口 故障 处理器 3 NVM 口 故障 处理器 3 定时器 1 口 故障 处理器 3 通道 故障 口 故障 处理器 3 中断 口 故障 处理器 3 CCDL 口 故障 处理器 3 CPU 口 故障"
"R82","在飞机起飞离地过程中，速率陀螺报一次故障"
"R82","飞机 起飞 离地 过程 中 速率 陀螺 报 故障"
"R83","惯导报“一级故障”"
"R83","惯 导报 一级 故障"
"R84","惯导报二级故障，天线无法进入导航"
"R84","惯 导报 二级 故障 天线 导航"
"R85","惯导报二级故障"
"R85","惯 导报 二级 故障"
"R86","惯导开机时正常对准，50秒后报一级故障，惯导自动关闭"
"R86","惯导 开机 时 对准 50 秒 后 报 一级 故障 惯导 自动 关闭"
"R88","惯导报二级故障"
"R88","惯 导报 二级 故障"
"R89","惯导采用正常罗经对准，对准时间1812秒，状态码显示50，二级故障显示灯亮，故障信息显示“未定义”，惯导关闭5min后再开机采用正常罗经对准，对准时间785秒，状态码显示50，二级故障显示灯亮，故障信息显示“未定义”，惯导上的故障灯显示黑白相间的故障信号"
"R89","惯导 采用 罗经 对准 对准 时间 1812 秒 状态 码 显示 50 二级 故障 显示 灯亮 故障 信息 显示 未定义 惯导 关闭 5 min 后 再 开机 采用 罗经 对准 对准 时间 785 秒 状态 码 显示 50 二级 故障 显示 灯亮 故障 信息 显示 未定义 惯导 上 故障 灯 显示 黑白相间 故障 信号"
"R91","飞机加电约5min后听见前舱内发出一声异响，车上115V电源同时跳闸，随后在惯导通风口处有烟冒出"
"R91","飞机 加电约 5 min 后 听见 前 舱内 发出 一声 异响 车上 115 V 电源 跳闸 随后 惯导 通风口 处有 烟 出"
"R92","加电后，通风盒电机不转"
"R92","加电后 通风 盒 电机 不转"
"R93","接收不到地面差分GPS信号"
"R93","接收 不到 地面 差分 GPS 信号"
"R95","飞机无DGPS信号"
"R95","飞机 无 DGPS 信号"
"R96","飞行时，主控车差分状态信号闪烁，电台作用距离超过5～9km后接受不正常，灵敏度低于标称"
"R96","飞行 时 主控 车 差分 状态 信号 闪烁 电台 作用 距离 超过 5 9 km 后 接受 不 灵敏度 低于 标称"
"R97","地面检测时无差分信号，上电时指示灯不亮"
"R97","地面 检测 时 无 差分 信号 上电时 指示 灯不亮"
"R98","地面联试无差分信号，数传电台工作指示灯不亮"
"R98","地面 联试 无 差分 信号 数传 电台 工作 指示 灯不亮"
"R99","外场试验无法进行差分工作"
"R99","外场 试验 差分 工作"
"R100","数传电台空中作用距离低于正常值"
"R100","数传 电台 空中 作用 距离 低于 正常值"
"R101","外场试验中，数传电台工作指示灯不亮，且无法工作"
"R101","外场 试验 中 数传 电台 工作 指示 灯不亮 工作"
"R102","外场试验中无差分信号"
"R102","外场 试验 中 无 差分 信号"
"R103","在地面联试中，导航模式为INS/DGPS时，惯导不规则报“DGPS无效”"
"R103","地面 联试 中 导航 模式 INS DGPS 时 惯导 不规则 报 DGPS 无效"
"R104","加改装鉴定试飞中，飞机在折返飞行时，惯导报约3s的纯惯性状态"
"R104","加 改装 鉴定 试飞 中 飞机 折返 飞行 时 惯 导报 约 3 s 纯 惯性 状态"
"R105","舵面检查时，左襟副翼报故显示RVDT1、DSP1、HALL1，模型监控1，欠压1，定时器1，AD转换1"
"R105","舵面 检查 时 左襟 副翼 报故 显示 RVDT1 DSP1 HALL1 模型 监控 1 欠压 1 定时器 1 AD 转换 1"
"R106","右机翼舵机报欠压故障，余度2、DVDT2、DSP2、HALL2、模型监控2、欠压2、定时器2、AD转换2、余度1"
"R106","右 机翼 舵机 报欠 压 故障 余度 2 DVDT2 DSP2 HALL2 模型 监控 2 欠 压 2 定时器 2 AD 转换 2 余度 1"
"R107","在地面联试过程中，发生右方向舵舵机卡滞问题"
"R107","地面 联试 过程 中 发生 右 方向舵 舵机 卡滞"
"R108","起飞离地过程中，速率陀螺报一次故障"
"R108","起飞 离地 过程 中 速率 陀螺 报 故障"
"R109","飞行准备过程中，飞控计算机DIO离散输入输出板二次故障"
"R109","飞行 过程 中 飞 控计算机 DIO 离散 输入输出 板 二次 故障"
"R110","加改装鉴定试飞中，飞机在折返飞行时，惯导报约3s的纯惯性状态"
"R110","加 改装 鉴定 试飞 中 飞机 折返 飞行 时 惯 导报 约 3 s 纯 惯性 状态"
"R111","飞机着陆后，未对惯导进行断电，现场拷贝该架机参数，陀螺方位轴Z轴存在异常"
"R111","飞机 着陆 后 未 惯导 断电 现场 拷贝 该架机 参数 陀螺 方位 轴 Z 轴 异常"
"R112","在机务准备过程中，静态联系完毕后，交测控后无差分信号"
"R112","机务 过程 中 静态 完毕 后 交 测控 后 无 差分 信号"
"R113","天线经常出现突然无DGPS信号，且能够自行恢复正常"
"R113","天线 经常出现 无 DGPS 信号 自行 恢复正常"
"R114","机体左前机身下方有一处裂纹，其下方有一处鼓包"
"R114","机体 左前 机身 下方 一处 裂纹 下方 一处 鼓包"
"R115","尾撑管尾部一托板螺母松动"
"R115","尾撑 尾部 托板 螺母 松动"
"R116","机身、机翼对接部位机身一侧后缘处有裂纹"
"R116","机身 机翼 对接 部位 机身 一侧 后缘 处有 裂纹"
"R117","机身、机翼对接部位机身一侧后缘处有裂纹"
"R117","机身 机翼 对接 部位 机身 一侧 后缘 处有 裂纹"
"R118","机身、机翼对接部位机身一侧后缘处有裂纹"
"R118","机身 机翼 对接 部位 机身 一侧 后缘 处有 裂纹"
"R119","机翼对接衬套松动，固定衬套用的胶粘性不强、7框机体两衬套划伤"
"R119","机翼 对接 衬套 松动 固定 衬套 胶 粘性 不强 7 框 机体 两 衬套 划伤"
"R121","飞机着陆后检查发现右主起落架缓冲支柱外筒顶部有较大裂纹"
"R121","飞机 着陆 后 检查 发现 右主 起落架 缓冲 支柱 外筒 顶部 较大 裂纹"
"R122","飞机着陆后检查发现左主起落架缓冲支柱外筒顶部有较大裂纹，舱门拉杆断裂"
"R122","飞机 着陆 后 检查 发现 左主 起落架 缓冲 支柱 外筒 顶部 较大 裂纹 舱门 拉杆 断裂"
"R123","左主起落架微动开关故障导致全压缩信号一直为0，无法正常起飞"
"R123","左主 起落架 微动 开关 故障 导致 全 压缩 信号 0 起飞"
"R124","电源模块发热并有糊味，无法预置刹车预置量"
"R124","电源模块 发热 糊味 预置 刹车 预置 量"
"R125","电源模块上电后外部温度高发烫"
"R125","电源模块 上电后 外部 温度 高发 烫"
"R126","地面联试过程中，检查刹车压力时发现刹车压力降低"
"R126","地面 联试 过程 中 检查 刹车 压力 时 发现 刹车 压力 降低"
"R127","刹车压力达不到规定值"
"R127","刹车 压力 达 不到 规定值"
"R128","输入刹车预置量时，没有刹车压力输出"
"R128","输入 刹车 预置 量 时 刹车 压力 输出"
"R129","输入刹车预置量时，没有刹车压力输出"
"R129","输入 刹车 预置 量 时 刹车 压力 输出"
"R130","工作中刹车阀发热有糊味，预置刹车预置量刹车无反应"
"R130","工作 中 刹车 阀 发热 糊味 预置 刹车 预置 量 刹车 无"
"R131","地面等待遥控检查时，右刹车100%时，刹车压力并没达到，机轮依然可转动，无法正常控制刹车压力"
"R131","地面 等待 遥控 检查 时 右 刹车 100 时 刹车 压力 没 机轮 依然 控制 刹车 压力"
"R132","刹车阀压力传感器与油管连接处漏油"
"R132","刹车 阀 压力 传感器 油管 连接处 漏油"
"R133","飞机接地滑跑刹车停稳后，无法解除刹车预置量和松刹车，反复置刹车压力100%和0%若干次后，发现可以松刹车"
"R133","飞机 接地 滑跑 刹车 停 稳后 解除 刹车 预置 量 松 刹车 反复 置 刹车 压力 100 0 若干次 后 发现 松 刹车"
"R137","起落架应急放试验中，前起落架和右主起落架先后放下到位，但左主起落架在半放下状态时，检测车收到了起落架放下锁死信号，放下锁死灯燃亮，放下时间显示低于正常值，电动泵停止工作"
"R137","起落架 应急 放 试验 中 前 起落架 右主 起落架 放下 到位 左主 起落架 半 放下 状态 时 检测车 收到 起落架 放下 锁死 信号 放下 锁死 灯 燃亮 放下 时间 显示 低于 正常值 电动泵 停止 工作"
"R138","主起落架缓冲支柱外筒下部漏油"
"R138","主 起落架 缓冲 支柱 外筒 下部 漏油"
"R139","主起落架飞行后检查发现起落架根部出现裂纹"
"R139","主 起落架 飞行 后 检查 发现 起落架 根部 裂纹"
"R141","主控制盒盒口插头凸头卡销断裂"
"R141","主控制 盒盒 口 插头 凸头 卡销 断裂"
"R142","飞行时，无线电高度表不能正常开关机"
"R142","飞行 时 无线电 高度表 开关机"
"R144","地检蓄电池并网1指令信号发出后，飞机无响应"
"R144","地检 蓄电池 并网 1 指令 信号 发出 后 飞机 无 响应"
"R145","发电机建压缓慢，甚至长时间不能建压"
"R145","发电机 建压 缓慢 长时间 建压"
"R146","惯导转入导航，发动机开车，节风门置115%，惯导显示二级故障，单相变给惯导基础电压无显示"
"R146","惯导 转入 导航 发动机 开车 节 风门 置 115 惯导 显示 二级 故障 单 相变 惯导 基础 电压 无 显示"
"R147","支架安装的继电器的连接导线出现过流烧毁现象，局部导线外的绝缘层脱落，导线未烧断"
"R147","支架 安装 继电器 连接 导线 过流 烧毁 现象 局部 导线 外 绝缘层 脱落 导线 未烧断"
"R147","主控制盒底板弯边出现裂纹"
"R147","主控制 盒 底板 弯边 裂纹"
"R149","飞机加电后，检测车显示机上电流为119A，随后检测车电源跳闸保护"
"R149","飞机 加电后 检测车 显示 机上 电流 119 A 随后 检测车 电源 跳闸 保护"
"R151","外场试验中发现浆距增指令发出后无输出"
"R151","外场 试验 中 发现 浆 距增 指令 发出 后 无 输出"
"R154","桨距增大时，主控制盒疑似器件烧毁出现白色气体"
"R154","桨 距 增大 时 主控制 盒 疑似 器件 烧毁 白色 气体"
"R155","桨距增大时变距机构无反应，主控制盒无输出电压"
"R155","桨 距 增大 时变 距 机构 无 主控制 盒 无 输出 电压"
"R156","无线电高度表关机异常故障，在爬升至高度599.1米时，无线电高度表供电标志从1变为0，但1、2号无线电高度表未报故障，关机不成功；高度在867.2米，1、2号无线电高度表开始在正常、故障两个状态间跳变，1200米定高，1、2号无线电高度表依然在跳变；大约4分钟后，无线电高度表自动关机成功"
"R156","无线电 高度表 关机 异常 故障 爬升 高度 599.1 米 时 无线电 高度表 供电 标志 1 变为 0 1 2 号 无线电 高度表 未报 故障 关机 不 成功 高度 867.2 米 1 2 号 无线电 高度表 故障 两个 状态 间 跳变 1200 米定 高 1 2 号 无线电 高度表 依然 跳变 4 分钟 后 无线电 高度表 自动关机 成功"
"R157","调压过程中，断开发动机调压器测试电源开关，电源电压未下降，并且调压器测试低压不反转"
"R157","调压 过程 中 断开 发动机 调压器 测试 电源开关 电源 电压 未 下降 调压器 测试 低压 不 反转"
"R158","鉴定试飞时，空中出现惯导航姿数据异常跳变现现象 ，飞控未自动切入备份航姿系统，遥控切至备份航姿系统后，航姿数据仍然持续跳变，并频繁进入失速保护，导致无法自主着陆，后经人工姿态遥控，安全着陆"
"R158","鉴定 试飞 时 空中 惯 导航 姿 数据 异常 跳 变现 现象 飞控 未 自动 切入 备份 航姿 系统 遥控 切至 备份 航姿 系统 后 航姿 数据 持续 跳变 频繁 失速 保护 导致 自主 着陆 后经 人工 姿态 遥控 着陆"
"R159","历次飞行过程中，电流波动均较大，峰值最大为25A，电压稳定无异常"
"R159","历次 飞行 过程 中 电流 波动 均 较大 峰值 25 A 电压 稳定 无 异常"
"R160","飞机静态检查中，按操作流程给光电平台供电，出现CCD正负调焦指令有回报但未执行的情况"
"R160","飞机 静态 检查 中 操作 流程 光电 平台 供电 CCD 正负 调焦 指令 回报 未 执行 情况"
"R161","飞机在联试检查时，出现红外热像仪有自动重启现象"
"R161","飞机 联试 检查 时 红外 热像仪 自动 重启 现象"
"R162","飞行过程中，飞机转弯时平台发生剧烈晃动，致无法跟踪目标"
"R162","飞行 过程 中 飞机 转弯 时 平台 发生 剧烈 晃动 致 跟踪目标"
"R163","光电平台在飞行转弯过程中，平台有甩动现象，无法稳定跟踪目标"
"R163","光电 平台 飞行 转弯 过程 中 平台 甩动 现象 稳定 跟踪目标"
"R164","飞行过程中，出现平台方位零位丢失，在手动跟踪模式下平台方位角连续自动360度转动，无法控制"
"R164","飞行 过程 中 平台 方位 零位 丢失 手动 跟踪 模式 下 平台 方位角 连续 自动 360 度 无法控制"
"R165","光电平台加电后，手动跟踪状态下，俯仰角无法转动，保持在高限"
"R165","光电 平台 加电后 手动 跟踪 状态 下 俯仰角 高限"
"R166","光电平台可见光摄像机故障"
"R166","光电 平台 可见光 摄像机 故障"
"R167","光电平台可见光摄像机故障"
"R167","光电 平台 可见光 摄像机 故障"
"R168","内框架俯仰工作不正常"
"R168","内 框架 俯仰 工作 不"
"R169","红外不能正常启动，CCD自动跟踪功能无效"
"R169","红外 启动 CCD 自动 跟踪 功能 无效"
"R170","红外不能正常启动"
"R170","红外 启动"
"R171","CCD显示有雪花，红外调焦数值不变"
"R171","CCD 显示 雪花 红外 调焦 数值"
"R171","红外自动跟踪失效"
"R171","红外 自动 跟踪 失效"
"R172","CCD摄像机和红外热像仪加电无图像显示"
"R172","CCD 摄像机 红外 热像仪 加电 无 图像 显示"
"R173","可见光电视自动跟踪功能无响应，红外热像仪有图像，跟踪框及十字架没有"
"R173","可见光 电视 自动 跟踪 功能 无 响应 红外 热像仪 图像 跟踪 框及 十字架"
"R174","手动跟踪时图像会抖动，抖动幅度较小，切B柜控制后，现象依然存在"
"R174","手动 跟踪 时 图像 抖动 抖动 幅度 小 切 B 柜 控制 后 现象 依然"
"R175","红外图像边缘锯齿状严重，图像模糊"
"R175","红外 图像 边缘 锯齿状 图像 模糊"
"R177","光电平台红外重启，死机"
"R177","光电 平台 红外 重启 死机"
"R179","空中红外图像变形，横向拉伸"
"R179","空中 红外 图像 变形 横向 拉伸"
"R180","飞行过程中，光电平台红外重启后死机，一直重启"
"R180","飞行 过程 中 光电 平台 红外 重启 后 死机 重启"
"R181","飞行过程中，光电平台红外重启后死机，一直重启"
"R181","飞行 过程 中 光电 平台 红外 重启 后 死机 重启"
"R182","发应急关电指令，平台方位保持在90度；发红外调焦，指令未响应，红外断电重启后恢复"
"R182","发 应急 关电 指令 平台 方位 90 度 发 红外 调焦 指令 未 响应 红外 断电 重启 后 恢复"
"R183","发应急关电指令后，平台方位找零位后，外框架不能转动"
"R183","发 应急 关电 指令 后 平台 方位 找零 位后 外 框架"
"R184","红外侦察图像忽明忽暗"
"R184","红外 侦察 图像 忽明忽暗"
"R185","飞机飞行10min后，光电平台无遥测数据"
"R185","飞机 飞行 10 min 后 光电 平台 无 遥测 数据"
"R186","鉴定试飞时，在目标跟踪过程中发生短暂的俯仰方向抖动"
"R186","鉴定 试飞 时 目标 跟踪 过程 中 发生 短暂 俯仰 方向 抖动"
"R187","地面检查中发现光电平台有卡滞抖动现象"
"R187","地面 检查 中 发现 光电 平台 有卡滞 抖动 现象"
"R188","飞行中红外发出校正指令进行校正后，出现自动关机报故现象"
"R188","飞行 中 红外 发出 校正 指令 校正 后 自动关机 报故 现象"
"R189","光电平台红外画质抖动，重新加电无好转，红外自动断电重启三次"
"R189","光电 平台 红外 画质 抖动 加电 无 好转 红外 自动 断电 重启 三次"
"R190","光电平台的激光器上电后显示电源故障，激光测距功能失效"
"R190","光电 平台 激光器 上电后 显示 电源 故障 激光测距 功能 失效"
"R191","数码相机加装地面试验中，其配套的检测与下载计算机出现不能启动故障"
"R191","数码相机 加装 地面 试验 中 配套 检测 下载 计算机 启动 故障"
"R192","红外热像仪不工作，重启后还是无法工作且设备开始不制冷"
"R192","红外 热像仪 不 工作 重启 后 工作 设备 不 制冷"
"R193","数码相机装前检查中，数码相机机箱内固定相机的螺钉脱落"
"R193","数码相机 装前 检查 中 数码相机 机箱 内 固定 相机 螺钉 脱落"
"R193","数码相机装前检查中，过数码相机系统检测与下载计算机检查数码相机功能时，数码相机不能拍照"
"R193","数码相机 装前 检查 中 数码相机 系统 检测 下载 计算机 检查 数码相机 功能 时 数码相机 拍照"
"R193","数码相机装前检查中，机箱和内部固定电路板的螺钉没有弹性垫圈"
"R193","数码相机 装前 检查 中 机箱 内部 固定 电路板 螺钉 弹性 垫圈"
"R194","加电1小时后主遥控键出现闪烁，飞控软件开关在正常和不正常间跳动，检验在正确和错误间跳动"
"R194","加电 1 小时 后主 遥控 键 闪烁 飞控 软件 开关 不 间 跳动 检验 正确 错误 间 跳动"
"R195","天线齿轮卡滞"
"R195","天线 齿轮 卡滞"
"R196","ku卫通天线极限轴有卡滞现象"
"R196","ku 卫 通天 线 极限 轴有 卡滞 现象"
"R197","卫通机载天线显示失锁"
"R197","卫通 机载 天线 显示 失锁"
"R198","卫通功放功率推不到饱和"
"R198","卫通 功放 功率 推 不到 饱和"
"R199","重要汇流条并网后，卫通天线未正常工作"
"R199","汇流 条 网后 卫 通天 线 未 工作"
"R200","静态联试时，卫通天线能锁定，发动机开车后，卫通不能锁定"
"R200","静态 联试 时 卫 通天 线能 锁定 发动机 开车 后 卫通 锁定"
"R202","空中卫通下行失锁5min，显示为机载卫通天线方位误差电压大，增大机载功率后正常"
"R202","空中 卫通 下行 失锁 5 min 显示 机载 卫 通天 线 方位 误差 电压 大 增大 机载 功率 后"
"R206","地面联试打开KU无线大功率时，功率指标不够，功率无法推到饱和输出"
"R206","地面 联试 打开 KU 无线 大功率 时 功率 指标 功率 推到 饱和 输出"
"R207","地面站显示报故，指示灯不亮"
"R207","地面站 显示 报故 指示 灯不亮"
"R208","功放打开，没有下行信号"
"R208","功放 打开 下行 信号"
"R210","卫通功放打开状态下机载天线接收帧和解调器失锁"
"R210","卫通 功放 打开 状态 下 机载 天线 接收 帧 解调器 失锁"
"R211","卫通下行链路无法建立"
"R211","卫通 下行 链路 建立"
"R212","飞机上电，卫通链路无下行信号"
"R212","飞机 上电 卫通 链路 无 下行 信号"
"R213","地面联试过程中，机载卫通功放不能正常工作，风扇不转，TX指示灯不亮"
"R213","地面 联试 过程 中 机载 卫通 功放 工作 风扇 不转 TX 指示 灯不亮"
"R216","地面联试时无上行信号，有下行信号"
"R216","地面 联试 时 无 上行 信号 下行 信号"
"R218","飞行前功能检查时，在注入密钥之后密码通信半小时左右，上行接收帧不锁定"
"R218","飞行 前 功能 检查 时 注入 密钥 密码 通信 半小时 上行 接收 帧 不 锁定"
"R219","飞行过程中，卫通上行、下行链路中断"
"R219","飞行 过程 中 卫通 上行 下行 链路 中断"
"R220","应答机敌我识别系统iff接收为0%"
"R220","应答机 敌我 识别系统 iff 接收 0"
"R221","飞行时航管部门发现飞机上升高度1900m后，应答机始终报1900m，当飞机上升高度2700m时应答机依然报1900m"
"R221","飞行 时 航管 部门 发现 飞机 高度 1900 m 后 应答机 始终 报 1900 m 飞机 高度 2700 m 时 应答机 依然 报 1900 m"
"R224","卫通天线车自环载噪比过低，导致下行链路失锁"
"R224","卫 通天 线车 自环载 噪比过 低 导致 下行 链路 失锁"
"R225","卫通天线车自环载噪比过低，导致下行链路失锁"
"R225","卫 通天 线车 自环载 噪比过 低 导致 下行 链路 失锁"
"R226","调制解调器不能正常工作"
"R226","调制解调器 工作"
"R230","车壁右后上箱螺栓断裂"
"R230","车壁 右后 上箱 螺栓 断裂"
"R231","用ODU1时不能完成调制与解调"
"R231","ODU1 时 调制 解调"
"R238","1#卫通设备车UPS无法正常供电，UPS电池有电"
"R238","1 卫通 设备 车 UPS 供电 UPS 电池 有电"
"R239","UPS无法启动，ALARM灯报警"
"R239","UPS 启动 ALARM 灯 报警"
"R241","联试时，光缆不通"
"R241","联试 时 光缆 不通"
"R242","扩频调制器2载波过低，不能满足正常使用"
"R242","扩频 调制器 2 载波 过低"
"R243","油机电瓶没电，油机不能启动"
"R243","油 机电 瓶 没电 油机 启动"
"R244","扩频调制器1按键失灵无法进行参数设置"
"R244","扩频 调制器 1 按键 失灵 参数设置"
"R245","电源插头烧坏"
"R245","电源插头 烧坏"
"R247","视频数字记录仪加电后自动重启，硬盘灯显示红色，自动重启两次后，视频数字记录仪重启启动不起来"
"R247","视频 数字 记录仪 加电后 自动 重启 硬盘 灯 显示 红色 自动 重启 两次 后 视频 数字 记录仪 重启 启动 不"
"R248","任务控制A柜、B柜无法发送指令"
"R248","控制 A 柜 B 柜 发送 指令"
"R249","任务控制B机柜网络经常出现未连接现象"
"R249","控制 B 机柜 网络 经常出现 未 连接 现象"
"R250","飞控A机柜上行不通"
"R250","飞控 A 机柜 上 行不通"
"R251","任务控制B柜开机后网络正常，但使用时网络时断时连续，不稳定"
"R251","控制 B 柜 开机 后 网络 时 网络 时断 时 连续 不 稳定"
"R253","联试中计算机黑屏死机，重启无法进入操作系统"
"R253","联试 中 计算机 黑屏 死机 重启 操作系统"
"R256","飞控图像显示单元无法显示图像"
"R256","飞控 图像 显示 单元 显示 图像"
"R258","任务控制A柜电脑无法开机"
"R258","控制 A 柜 电脑 开机"
"R268","主视距拖车与馈源连接的信号线接口无法拧下"
"R268","主 视距 拖车 馈源 连接 信号线 接口 拧下"
"R269","转动天线方位旋钮，天线方位数值显示不连续，且停止时天线有抖动，切外控后，在链路监控席位看不到拖车信息"
"R269","天线 方位 旋钮 天线 方位 数值 显示 不 连续 停止 时 天线 抖动 切外 控后 链路 监控 席位 看不到 拖车 信息"
"R270","视距拖车C全向天线与定向天线无法切换"
"R270","视距 拖车 C 全向天线 定向天线 切换"
"R271","天线升起时俯仰方向抖动"
"R271","天线 升起 时 俯仰 方向 抖动"
"R272","天线俯仰不能控制"
"R272","天线 俯仰 控制"
"R273","GPS天线断裂，收不到信号"
"R273","GPS 天线 断裂 收不到 信号"
"R275","油机不能启动"
"R275","油机 启动"
"R278","任控机柜指令无法发送"
"R278","任控 机柜 指令 发送"
"R280","主遥控发频跟踪时锁时不锁，主遥控闪烁"
"R280","主 遥控 发频 跟踪 时锁时 不锁 主 遥控 闪烁"
"R282","任务规划电脑开机时出现“CMOS ERROR”故障"
"R282","规划 电脑 开机 时 CMOS ERROR 故障"
"R284","飞行前检测中，任务规划机柜计算机自动重启，重启后无法进入操作系统"
"R284","飞行 前 检测 中 规划 机柜 计算机 自动 重启 重启 后 操作系统"
"R285","飞行前检测时，北斗用户机加电无法正常启动"
"R285","飞行 前 检测 时 北斗 用户 机加电 启动"
"R288","任务控制柜的计算机无法启动"
"R288","控制柜 计算机无法 启动"
"R292","出气口罩断裂"
"R292","出气 口罩 断裂"
"R293","UPS未能启动，电池指示灯闪烁"
"R293","UPS 未能 启动 电池 指示灯 闪烁"
"R295","高频箱电源1分3插头、跟踪接收机外露插头腐化严重"
"R295","高频 箱 电源 1 分 3 插头 跟踪 接收机 外露 插头 腐化"
"R295","高频箱电源1分3插头、跟踪接收机外露插头腐化严重"
"R295","高频 箱 电源 1 分 3 插头 跟踪 接收机 外露 插头 腐化"
"R295","高频箱电源1分3插头、跟踪接收机外露插头腐化严重"
"R295","高频 箱 电源 1 分 3 插头 跟踪 接收机 外露 插头 腐化"
"R295","高频箱电源1分3插头、跟踪接收机外露插头腐化严重"
"R295","高频 箱 电源 1 分 3 插头 跟踪 接收机 外露 插头 腐化"
"R297","视距链路下行时有时无"
"R297","视距 链路 下行 时有时无"
"R298","UPS不能加电"
"R298","UPS 加电"
"R306","无遥测信号，有视频信号"
"R306","无 遥测 信号 视频信号"
"R307","打开BZK-005/A软件，无法选择显示飞机遥测数据"
"R307","打开 BZK 005 A 软件 选择 显示 飞机 遥测 数据"
"R308","2#地面站作模车在联试中有图像无遥测"
"R308","2 地面站 作模车 联试 中 图像 无 遥测"
"R309","计算机启动第三路信号输入视频矩阵无显示"
"R309","计算机 启动 第三路 信号 输入 视频 矩阵 无 显示"
"R313","作模车光缆通信故障"
"R313","作模车 光缆 通信 故障"
"R314","1号地面站的作模车接收不了遥测信号"
"R314","1 号 地面站 作模车 接收 遥测 信号"
"R315","外控线信号不正常"
"R315","外控线 信号 不"
"R316","语音通信故障，主站不能接收外控语音，但外控可接收主站语音"
"R316","语音 通信 故障 主站 接收 外控 语音 外控 接收 主站 语音"
"R318","UPS1机箱自燃"
"R318","UPS1 机箱 自燃"
"R319","UPS2机箱自燃"
"R319","UPS2 机箱 自燃"
"R320","视频处理软件“图像采集”时间较长，矫正软件对彩色图像无法进行校正"
"R320","视频 处理软件 图像 采集 时间 较长 矫正 软件 彩色图像 校正"
"R321","情报处理站视频处理2席位视频处理主机启动后死机无法进行键盘鼠标操作，经多次断电重启后仍然不能恢复正常"
"R321","情报 站 视频 2 席位 视频 主机 启动 后 死机 键盘 鼠标 操作 断电 重启 后 恢复正常"
"R325","油机排气管与消音器脱开，废气从脱开处排出"
"R325","油机 排气管 消音器 脱开 废气 脱开 处 排出"
"R326","备用电池电压明显降低"
"R326","备用 电池 电压 明显降低"
"R331","上电时电源电压低于正常值，调节电压调节旋钮，电压调不到正常值"
"R331","上电时 电源 电压 低于 正常值 调节 电压 调节 旋钮 电压 调 不到 正常值"
"R334","DGPS接收天线损坏，无法接收"
"R334","DGPS 接收 天线 损坏 接收"
"R335","差分站接收机面板电缆断掉"
"R335","差分 站 接收机 面板 电缆 断掉"
"R336","DGPS故障，工作不稳定"
"R336","DGPS 故障 工作 不 稳定"
"R339","设备展开的过程中，天线的俯仰不能转动。后接上手提驱动箱后，天线方位、俯仰转动正常"
"R339","设备 展开 过程 中 天线 俯仰 后 接上 手提 驱动 箱后 天线 方位 俯仰"
"R346","情报处理站视频处理2席位视频处理主机启动后死机无法进行键盘鼠标操作，经多次断电重启后仍然不能恢复正常"
"R346","情报 站 视频 2 席位 视频 主机 启动 后 死机 键盘 鼠标 操作 断电 重启 后 恢复正常"
"R348","发动机安装到位后，发动机短舱下罩安装孔无法全部对齐，且与发动机短舱上罩无法连接"
"R348","发动机 安装 到位 后 发动机 短舱 下罩 安装 孔 对齐 发动机 短舱 上罩 连接"
"R349","短舱上罩组件和下罩组件安装后，其后边缘与螺旋桨桨叶表面干涉"
"R349","短舱 上罩 组件 下 罩 组件 安装 后 边缘 螺旋桨 桨叶 表面 干涉"
"R350","发动机试车过程中，发动机工作异常并伴有喘振现象"
"R350","发动机 试车 过程 中 发动机 工作 异常 伴有 喘振 现象"
"R351","发动机1号缸缸头冷却液弯头处渗漏"
"R351","发动机 1 号 缸 缸 头 冷却液 弯头 处 渗漏"
"R352","防护贴裂纹"
"R352","防护 贴 裂纹"
"R353","防护贴裂纹"
"R353","防护 贴 裂纹"
"R354","地面进行桨距大增大减，微减无反应"
"R354","地面 桨 距 大 增大 减 微减 无"
"R355","飞机在飞行过程中，桨距大增3次后，继续增桨距无效，但桨距减正常"
"R355","飞机 飞行 过程 中 桨 距 大增 3 次后 增桨 距 无效 桨 距减"
"R356","螺旋桨防护贴出现裂纹"
"R356","螺旋桨 防护 贴 裂纹"
"R357","调桨距时，桨距减幅度很小"
"R357","调桨 距时 桨 距减 幅度 很小"
"R358","桨距减工作不正常"
"R358","桨 距减 工作 不"
"R359","大增大减不连续，微增微减无反应"
"R359","大 增大 减不 连续 微增 微减 无"
"R360","大增大减不连续，微增微减无反应"
"R360","大 增大 减不 连续 微增 微减 无"
"R361","飞机在试车过程中无法对桨距进行增减"
"R361","飞机 试车 过程 中 桨 距 增减"
"R362","增减桨距无反应"
"R362","增减 桨 距 无"
"R363","冷却液散热器本体有渗漏"
"R363","冷却液 散热器 本体 渗漏"
"R364","冷却液散热器局部有渗漏"
"R364","冷却液 散热器 局部 渗漏"
"R365","空滤支架断裂"
"R365","空滤 支架 断裂"
"R365","排气2、4缸头温度传感器线缆破裂"
"R365","排气 2 4 缸 头 温度传感器 线缆 破裂"
"R366","启动油路回位不彻底，拆卸汽化器时启动油路钢索易打弯、分叉"
"R366","启动 油路 回位 不 拆卸 汽化器 时 启动 油路 钢索 易 打弯 分叉"
"R367","散热器支架与发动机机体连接处右侧圆杆断裂"
"R367","散热器 支架 发动机 机体 连接处 右侧 圆杆 断裂"
"R368","地检12V电源开启后，TCU故障警告灯黄色闪烁，废气活门舵机不工作，未自检，弹簧未运动"
"R368","地检 12 V 电源 开启 后 TCU 故障 警告 灯 黄色 闪烁 废气 活门 舵机 不 工作 未 自检 弹簧 未 运动"
"R369","燃油滤口盖处十字螺钉渗油"
"R369","燃油 滤 口盖 处 十字 螺钉 渗油"
"R370","燃油滤口盖处十字螺钉渗油"
"R370","燃油 滤 口盖 处 十字 螺钉 渗油"
"R373","起动油路钢索与钢索接头连接处有二分之一股断丝"
"R373","起动 油路 钢索 钢索 接头 连接处 二分之一 股断 丝"
"R374","地面检查发现散热器支架焊点处断裂"
"R374","地面 检查 发现 散热器 支架 焊点 处 断裂"
"R375","试车过程中，节风门推至100%时，转速达到5700rpm，排气管冒黑烟，并有2次放炮声音"
"R375","试车 过程 中 节 风门 推至 100 时 转速 5700 rpm 排气管 黑烟 2 次 放炮 声音"
"R377","飞行后检查发现，一叶螺旋桨迎风刀面前缘金属保护薄膜出现疑似挤压的褶皱和2条裂纹，存在砂眼"
"R377","飞行 后 检查 发现 一叶 螺旋桨 迎风 刀 面前 缘 金属 保护 薄膜 疑似 挤压 褶皱 2 条 裂纹 砂眼"
"R378","在更换桨距电机油脂时，检查发现碳刷断裂成6个碎块"
"R378","更换 桨 距 电机 油脂 时 检查 发现 碳刷 断裂 成 6 碎块"
"R379","增减桨距无效"
"R379","增减 桨 距 无效"
"R381","桨距电机内部螺杆头不固定"
"R381","桨 距 电机 内部 螺杆 头 不 固定"
"R382","桨距电机不工作"
"R382","桨 距 电机 不 工作"
"R383","桨距电机通电不工作"
"R383","桨 距 电机 通电 不 工作"
"R383","桨距角无法调到最小值"
"R383","桨 距角 调到 最小值"
"R383","桨距角无法调到最小值"
"R383","桨 距角 调到 最小值"
"R384","桨距电机端盖松动"
"R384","桨 距 电机 端盖 松动"
"R384","变距角度达不到标准"
"R384","变距 角度 达 不到 标准"
"R385","BGPS故障信号灯显示红色"
"R385","BGPS 故障 信号灯 显示 红色"
"R386","第一次通电时GPS接收机未能正确定位飞机位置，第二次通电正常"
"R386","第一次 通电 时 GPS 接收机 未能 正确 定位 飞机 位置 第二次 通电"
"R387","GPS接收机差分状态不稳定"
"R387","GPS 接收机 差分 状态 不 稳定"
"R388","GPS接收机差分状态不稳定"
"R388","GPS 接收机 差分 状态 不 稳定"
"R389","飞行联试时，上电40min后差分信号中断"
"R389","飞行 联试 时 上电 40 min 后 差分 信号 中断"
"R390","地面联试，左右大气数据计算机气压高度相差10左右"
"R390","地面 联试 大气 数据 计算机 气压 高度 相差 10"
"R391","地面联试，左右大气数据计算机气压高度相差10左右"
"R391","地面 联试 大气 数据 计算机 气压 高度 相差 10"
"R392","地面联试，左右大气数据计算机气压高度相差10左右"
"R392","地面 联试 大气 数据 计算机 气压 高度 相差 10"
"R393","地面联试，左右大气数据计算机气压高度相差10左右"
"R393","地面 联试 大气 数据 计算机 气压 高度 相差 10"
"R394","地面联试，左右大气数据计算机气压高度相差10左右"
"R394","地面 联试 大气 数据 计算机 气压 高度 相差 10"
"R395","地面联试，左右大气数据计算机气压高度相差10左右"
"R395","地面 联试 大气 数据 计算机 气压 高度 相差 10"
"R396","地面联试，左右大气数据计算机气压高度相差10左右"
"R396","地面 联试 大气 数据 计算机 气压 高度 相差 10"
"R397","气压高度超高"
"R397","气压 高度 超高"
"R398","气压高度超高"
"R398","气压 高度 超高"
"R399","气压高度超高"
"R399","气压 高度 超高"
"R400","气压高度超高"
"R400","气压 高度 超高"
"R403","外场试验中，高度表测量值超出误差范围"
"R403","外场 试验 中 高度表 测量 值 超出 误差"
"R404","无线高度表显示数值超出误差范围"
"R404","无线 高度表 显示 数值 超出 误差"
"R405","2号陀螺俯仰方向输出数值无变化"
"R405","2 号 陀螺 俯仰 方向 输出 数值 无 变化"
"R406","3号角速度陀螺俯仰通道无输出"
"R406","3 号 角速度 陀螺 俯仰 通道 无 输出"
"R407","1号角速度陀螺俯仰通道无输出"
"R407","1 号 角速度 陀螺 俯仰 通道 无 输出"
"R408","速率陀螺中俯仰2号陀螺晃动时显示数据不正确"
"R408","速率 陀螺 中 俯仰 2 号 陀螺 晃动 时 显示 数据 不 正确"
"R409","滑行时，角速率陀螺故障"
"R409","滑行 时 角 速率 陀螺 故障"
"R410","测控飞行中报一次故障"
"R410","测控 飞行 中报 故障"
"R411","飞行中陀螺报故"
"R411","飞行 中 陀螺 报故"
"R412","空中报一次故障"
"R412","空中 报 故障"
"R413","飞行中2号垂直陀螺报故"
"R413","飞行 中 2 号 垂直 陀螺 报故"
"R417","飞行时报故，飞参分析垂直陀螺输入值为“0”"
"R417","飞行 时报 飞参 分析 垂直 陀螺 输入 值为 0"
"R418","飞行时报故，飞参分析垂直陀螺输入值为“0”"
"R418","飞行 时报 飞参 分析 垂直 陀螺 输入 值为 0"
"R424","开车时，2号垂直陀螺俯仰超差，俯仰角不稳定"
"R424","开车 时 2 号 垂直 陀螺 俯仰 超差 俯仰角 不 稳定"
"R425","垂直陀螺俯仰超差"
"R425","垂直 陀螺 俯仰 超差"
"R427","接收卫星速度慢，4分钟未定位，收星数明显少于同等条件下其他同型号的接收机"
"R427","接收 卫星 速度慢 4 分钟 未 定位 收星数 少于 同等条件 下 同型号 接收机"
"R428","处理器1中断口故障，处理器1CCDL口故障；处理器2中断口故障，处理器2CCDL口故障；处理器3RAM口故障，处理器3NVM口故障，处理器3定时器1口故障，处理器3通道故障口故障，处理器3中断口故障，处理器3CCDL口故障，处理器3CPU口故障"
"R428","处理器 1 中断 口 故障 处理器 1 CCDL 口 故障 处理器 2 中断 口 故障 处理器 2 CCDL 口 故障 处理器 3 RAM 口 故障 处理器 3 NVM 口 故障 处理器 3 定时器 1 口 故障 处理器 3 通道 故障 口 故障 处理器 3 中断 口 故障 处理器 3 CCDL 口 故障 处理器 3 CPU 口 故障"
"R429","在飞机起飞离地过程中，速率陀螺报一次故障"
"R429","飞机 起飞 离地 过程 中 速率 陀螺 报 故障"
"R430","惯导报“一级故障”"
"R430","惯 导报 一级 故障"
"R431","惯导报二级故障，天线无法进入导航"
"R431","惯 导报 二级 故障 天线 导航"
"R432","惯导报二级故障"
"R432","惯 导报 二级 故障"
"R433","惯导开机时正常对准，50秒后报一级故障，惯导自动关闭"
"R433","惯导 开机 时 对准 50 秒 后 报 一级 故障 惯导 自动 关闭"
"R435","惯导报二级故障"
"R435","惯 导报 二级 故障"
"R436","惯导采用正常罗经对准，对准时间1812秒，状态码显示50，二级故障显示灯亮，故障信息显示“未定义”，惯导关闭5min后再开机采用正常罗经对准，对准时间785秒，状态码显示50，二级故障显示灯亮，故障信息显示“未定义”，惯导上的故障灯显示黑白相间的故障信号"
"R436","惯导 采用 罗经 对准 对准 时间 1812 秒 状态 码 显示 50 二级 故障 显示 灯亮 故障 信息 显示 未定义 惯导 关闭 5 min 后 再 开机 采用 罗经 对准 对准 时间 785 秒 状态 码 显示 50 二级 故障 显示 灯亮 故障 信息 显示 未定义 惯导 上 故障 灯 显示 黑白相间 故障 信号"
"R438","飞机加电约5min后听见前舱内发出一声异响，车上115V电源同时跳闸，随后在惯导通风口处有烟冒出"
"R438","飞机 加电约 5 min 后 听见 前 舱内 发出 一声 异响 车上 115 V 电源 跳闸 随后 惯导 通风口 处有 烟 出"
"R439","加电后，通风盒电机不转"
"R439","加电后 通风 盒 电机 不转"
"R440","接收不到地面差分GPS信号"
"R440","接收 不到 地面 差分 GPS 信号"
"R442","飞机无DGPS信号"
"R442","飞机 无 DGPS 信号"
"R443","飞行时，主控车差分状态信号闪烁，电台作用距离超过5～9km后接受不正常，灵敏度低于标称"
"R443","飞行 时 主控 车 差分 状态 信号 闪烁 电台 作用 距离 超过 5 9 km 后 接受 不 灵敏度 低于 标称"
"R444","地面检测时无差分信号，上电时指示灯不亮"
"R444","地面 检测 时 无 差分 信号 上电时 指示 灯不亮"
"R445","地面联试无差分信号，数传电台工作指示灯不亮"
"R445","地面 联试 无 差分 信号 数传 电台 工作 指示 灯不亮"
"R446","外场试验无法进行差分工作"
"R446","外场 试验 差分 工作"
"R447","数传电台空中作用距离低于正常值"
"R447","数传 电台 空中 作用 距离 低于 正常值"
"R448","外场试验中，数传电台工作指示灯不亮，且无法工作"
"R448","外场 试验 中 数传 电台 工作 指示 灯不亮 工作"
"R449","外场试验中无差分信号"
"R449","外场 试验 中 无 差分 信号"
"R450","在地面联试中，导航模式为INS/DGPS时，惯导不规则报“DGPS无效”"
"R450","地面 联试 中 导航 模式 INS DGPS 时 惯导 不规则 报 DGPS 无效"
"R451","加改装鉴定试飞中，飞机在折返飞行时，惯导报约3s的纯惯性状态"
"R451","加 改装 鉴定 试飞 中 飞机 折返 飞行 时 惯 导报 约 3 s 纯 惯性 状态"
"R452","舵面检查时，左襟副翼报故显示RVDT1、DSP1、HALL1，模型监控1，欠压1，定时器1，AD转换1"
"R452","舵面 检查 时 左襟 副翼 报故 显示 RVDT1 DSP1 HALL1 模型 监控 1 欠压 1 定时器 1 AD 转换 1"
"R453","右机翼舵机报欠压故障，余度2、DVDT2、DSP2、HALL2、模型监控2、欠压2、定时器2、AD转换2、余度1"
"R453","右 机翼 舵机 报欠 压 故障 余度 2 DVDT2 DSP2 HALL2 模型 监控 2 欠 压 2 定时器 2 AD 转换 2 余度 1"
"R454","在地面联试过程中，发生右方向舵舵机卡滞问题"
"R454","地面 联试 过程 中 发生 右 方向舵 舵机 卡滞"
"R455","起飞离地过程中，速率陀螺报一次故障"
"R455","起飞 离地 过程 中 速率 陀螺 报 故障"
"R456","飞行准备过程中，飞控计算机DIO离散输入输出板二次故障"
"R456","飞行 过程 中 飞 控计算机 DIO 离散 输入输出 板 二次 故障"
"R457","加改装鉴定试飞中，飞机在折返飞行时，惯导报约3s的纯惯性状态"
"R457","加 改装 鉴定 试飞 中 飞机 折返 飞行 时 惯 导报 约 3 s 纯 惯性 状态"
"R458","飞机着陆后，未对惯导进行断电，现场拷贝该架机参数，陀螺方位轴Z轴存在异常"
"R458","飞机 着陆 后 未 惯导 断电 现场 拷贝 该架机 参数 陀螺 方位 轴 Z 轴 异常"
"R459","在机务准备过程中，静态联系完毕后，交测控后无差分信号"
"R459","机务 过程 中 静态 完毕 后 交 测控 后 无 差分 信号"
"R460","天线经常出现突然无DGPS信号，且能够自行恢复正常"
"R460","天线 经常出现 无 DGPS 信号 自行 恢复正常"
"R461","机体左前机身下方有一处裂纹，其下方有一处鼓包"
"R461","机体 左前 机身 下方 一处 裂纹 下方 一处 鼓包"
"R462","尾撑管尾部一托板螺母松动"
"R462","尾撑 尾部 托板 螺母 松动"
"R463","机身、机翼对接部位机身一侧后缘处有裂纹"
"R463","机身 机翼 对接 部位 机身 一侧 后缘 处有 裂纹"
"R464","机身、机翼对接部位机身一侧后缘处有裂纹"
"R464","机身 机翼 对接 部位 机身 一侧 后缘 处有 裂纹"
"R465","机身、机翼对接部位机身一侧后缘处有裂纹"
"R465","机身 机翼 对接 部位 机身 一侧 后缘 处有 裂纹"
"R466","机翼对接衬套松动，固定衬套用的胶粘性不强、7框机体两衬套划伤"
"R466","机翼 对接 衬套 松动 固定 衬套 胶 粘性 不强 7 框 机体 两 衬套 划伤"
"R468","飞机着陆后检查发现右主起落架缓冲支柱外筒顶部有较大裂纹"
"R468","飞机 着陆 后 检查 发现 右主 起落架 缓冲 支柱 外筒 顶部 较大 裂纹"
"R469","飞机着陆后检查发现左主起落架缓冲支柱外筒顶部有较大裂纹，舱门拉杆断裂"
"R469","飞机 着陆 后 检查 发现 左主 起落架 缓冲 支柱 外筒 顶部 较大 裂纹 舱门 拉杆 断裂"
"R470","左主起落架微动开关故障导致全压缩信号一直为0，无法正常起飞"
"R470","左主 起落架 微动 开关 故障 导致 全 压缩 信号 0 起飞"
"R471","电源模块发热并有糊味，无法预置刹车预置量"
"R471","电源模块 发热 糊味 预置 刹车 预置 量"
"R472","电源模块上电后外部温度高发烫"
"R472","电源模块 上电后 外部 温度 高发 烫"
"R473","地面联试过程中，检查刹车压力时发现刹车压力降低"
"R473","地面 联试 过程 中 检查 刹车 压力 时 发现 刹车 压力 降低"
"R474","刹车压力达不到规定值"
"R474","刹车 压力 达 不到 规定值"
"R475","输入刹车预置量时，没有刹车压力输出"
"R475","输入 刹车 预置 量 时 刹车 压力 输出"
"R476","输入刹车预置量时，没有刹车压力输出"
"R476","输入 刹车 预置 量 时 刹车 压力 输出"
"R477","工作中刹车阀发热有糊味，预置刹车预置量刹车无反应"
"R477","工作 中 刹车 阀 发热 糊味 预置 刹车 预置 量 刹车 无"
"R478","地面等待遥控检查时，右刹车100%时，刹车压力并没达到，机轮依然可转动，无法正常控制刹车压力"
"R478","地面 等待 遥控 检查 时 右 刹车 100 时 刹车 压力 没 机轮 依然 控制 刹车 压力"
"R479","刹车阀压力传感器与油管连接处漏油"
"R479","刹车 阀 压力 传感器 油管 连接处 漏油"
"R480","飞机接地滑跑刹车停稳后，无法解除刹车预置量和松刹车，反复置刹车压力100%和0%若干次后，发现可以松刹车"
"R480","飞机 接地 滑跑 刹车 停 稳后 解除 刹车 预置 量 松 刹车 反复 置 刹车 压力 100 0 若干次 后 发现 松 刹车"
"R484","起落架应急放试验中，前起落架和右主起落架先后放下到位，但左主起落架在半放下状态时，检测车收到了起落架放下锁死信号，放下锁死灯燃亮，放下时间显示低于正常值，电动泵停止工作"
"R484","起落架 应急 放 试验 中 前 起落架 右主 起落架 放下 到位 左主 起落架 半 放下 状态 时 检测车 收到 起落架 放下 锁死 信号 放下 锁死 灯 燃亮 放下 时间 显示 低于 正常值 电动泵 停止 工作"
"R485","主起落架缓冲支柱外筒下部漏油"
"R485","主 起落架 缓冲 支柱 外筒 下部 漏油"
"R486","主起落架飞行后检查发现起落架根部出现裂纹"
"R486","主 起落架 飞行 后 检查 发现 起落架 根部 裂纹"
"R488","主控制盒盒口插头凸头卡销断裂"
"R488","主控制 盒盒 口 插头 凸头 卡销 断裂"
"R489","飞行时，无线电高度表不能正常开关机"
"R489","飞行 时 无线电 高度表 开关机"
"R491","地检蓄电池并网1指令信号发出后，飞机无响应"
"R491","地检 蓄电池 并网 1 指令 信号 发出 后 飞机 无 响应"
"R492","发电机建压缓慢，甚至长时间不能建压"
"R492","发电机 建压 缓慢 长时间 建压"
"R493","惯导转入导航，发动机开车，节风门置115%，惯导显示二级故障，单相变给惯导基础电压无显示"
"R493","惯导 转入 导航 发动机 开车 节 风门 置 115 惯导 显示 二级 故障 单 相变 惯导 基础 电压 无 显示"
"R494","支架安装的继电器的连接导线出现过流烧毁现象，局部导线外的绝缘层脱落，导线未烧断"
"R494","支架 安装 继电器 连接 导线 过流 烧毁 现象 局部 导线 外 绝缘层 脱落 导线 未烧断"
"R494","主控制盒底板弯边出现裂纹"
"R494","主控制 盒 底板 弯边 裂纹"
"R496","飞机加电后，检测车显示机上电流为119A，随后检测车电源跳闸保护"
"R496","飞机 加电后 检测车 显示 机上 电流 119 A 随后 检测车 电源 跳闸 保护"
"R498","外场试验中发现浆距增指令发出后无输出"
"R498","外场 试验 中 发现 浆 距增 指令 发出 后 无 输出"
"R501","桨距增大时，主控制盒疑似器件烧毁出现白色气体"
"R501","桨 距 增大 时 主控制 盒 疑似 器件 烧毁 白色 气体"
"R502","桨距增大时变距机构无反应，主控制盒无输出电压"
"R502","桨 距 增大 时变 距 机构 无 主控制 盒 无 输出 电压"
"R503","无线电高度表关机异常故障，在爬升至高度599.1米时，无线电高度表供电标志从1变为0，但1、2号无线电高度表未报故障，关机不成功；高度在867.2米，1、2号无线电高度表开始在正常、故障两个状态间跳变，1200米定高，1、2号无线电高度表依然在跳变；大约4分钟后，无线电高度表自动关机成功"
"R503","无线电 高度表 关机 异常 故障 爬升 高度 599.1 米 时 无线电 高度表 供电 标志 1 变为 0 1 2 号 无线电 高度表 未报 故障 关机 不 成功 高度 867.2 米 1 2 号 无线电 高度表 故障 两个 状态 间 跳变 1200 米定 高 1 2 号 无线电 高度表 依然 跳变 4 分钟 后 无线电 高度表 自动关机 成功"
"R504","调压过程中，断开发动机调压器测试电源开关，电源电压未下降，并且调压器测试低压不反转"
"R504","调压 过程 中 断开 发动机 调压器 测试 电源开关 电源 电压 未 下降 调压器 测试 低压 不 反转"
"R505","鉴定试飞时，空中出现惯导航姿数据异常跳变现现象 ，飞控未自动切入备份航姿系统，遥控切至备份航姿系统后，航姿数据仍然持续跳变，并频繁进入失速保护，导致无法自主着陆，后经人工姿态遥控，安全着陆"
"R505","鉴定 试飞 时 空中 惯 导航 姿 数据 异常 跳 变现 现象 飞控 未 自动 切入 备份 航姿 系统 遥控 切至 备份 航姿 系统 后 航姿 数据 持续 跳变 频繁 失速 保护 导致 自主 着陆 后经 人工 姿态 遥控 着陆"
"R506","历次飞行过程中，电流波动均较大，峰值最大为25A，电压稳定无异常"
"R506","历次 飞行 过程 中 电流 波动 均 较大 峰值 25 A 电压 稳定 无 异常"
"R507","飞机静态检查中，按操作流程给光电平台供电，出现CCD正负调焦指令有回报但未执行的情况"
"R507","飞机 静态 检查 中 操作 流程 光电 平台 供电 CCD 正负 调焦 指令 回报 未 执行 情况"
"R508","飞机在联试检查时，出现红外热像仪有自动重启现象"
"R508","飞机 联试 检查 时 红外 热像仪 自动 重启 现象"
"R509","飞行过程中，飞机转弯时平台发生剧烈晃动，致无法跟踪目标"
"R509","飞行 过程 中 飞机 转弯 时 平台 发生 剧烈 晃动 致 跟踪目标"
"R510","光电平台在飞行转弯过程中，平台有甩动现象，无法稳定跟踪目标"
"R510","光电 平台 飞行 转弯 过程 中 平台 甩动 现象 稳定 跟踪目标"
"R511","飞行过程中，出现平台方位零位丢失，在手动跟踪模式下平台方位角连续自动360度转动，无法控制"
"R511","飞行 过程 中 平台 方位 零位 丢失 手动 跟踪 模式 下 平台 方位角 连续 自动 360 度 无法控制"
"R512","光电平台加电后，手动跟踪状态下，俯仰角无法转动，保持在高限"
"R512","光电 平台 加电后 手动 跟踪 状态 下 俯仰角 高限"
"R513","光电平台可见光摄像机故障"
"R513","光电 平台 可见光 摄像机 故障"
"R514","光电平台可见光摄像机故障"
"R514","光电 平台 可见光 摄像机 故障"
"R515","内框架俯仰工作不正常"
"R515","内 框架 俯仰 工作 不"
"R516","红外不能正常启动，CCD自动跟踪功能无效"
"R516","红外 启动 CCD 自动 跟踪 功能 无效"
"R517","红外不能正常启动"
"R517","红外 启动"
"R518","CCD显示有雪花，红外调焦数值不变"
"R518","CCD 显示 雪花 红外 调焦 数值"
"R518","红外自动跟踪失效"
"R518","红外 自动 跟踪 失效"
"R519","CCD摄像机和红外热像仪加电无图像显示"
"R519","CCD 摄像机 红外 热像仪 加电 无 图像 显示"
"R520","可见光电视自动跟踪功能无响应，红外热像仪有图像，跟踪框及十字架没有"
"R520","可见光 电视 自动 跟踪 功能 无 响应 红外 热像仪 图像 跟踪 框及 十字架"
"R521","手动跟踪时图像会抖动，抖动幅度较小，切B柜控制后，现象依然存在"
"R521","手动 跟踪 时 图像 抖动 抖动 幅度 小 切 B 柜 控制 后 现象 依然"
"R522","红外图像边缘锯齿状严重，图像模糊"
"R522","红外 图像 边缘 锯齿状 图像 模糊"
"R524","光电平台红外重启，死机"
"R524","光电 平台 红外 重启 死机"
"R526","空中红外图像变形，横向拉伸"
"R526","空中 红外 图像 变形 横向 拉伸"
"R527","飞行过程中，光电平台红外重启后死机，一直重启"
"R527","飞行 过程 中 光电 平台 红外 重启 后 死机 重启"
"R528","飞行过程中，光电平台红外重启后死机，一直重启"
"R528","飞行 过程 中 光电 平台 红外 重启 后 死机 重启"
"R529","发应急关电指令，平台方位保持在90度；发红外调焦，指令未响应，红外断电重启后恢复"
"R529","发 应急 关电 指令 平台 方位 90 度 发 红外 调焦 指令 未 响应 红外 断电 重启 后 恢复"
"R530","发应急关电指令后，平台方位找零位后，外框架不能转动"
"R530","发 应急 关电 指令 后 平台 方位 找零 位后 外 框架"
"R531","红外侦察图像忽明忽暗"
"R531","红外 侦察 图像 忽明忽暗"
"R532","飞机飞行10min后，光电平台无遥测数据"
"R532","飞机 飞行 10 min 后 光电 平台 无 遥测 数据"
"R533","鉴定试飞时，在目标跟踪过程中发生短暂的俯仰方向抖动"
"R533","鉴定 试飞 时 目标 跟踪 过程 中 发生 短暂 俯仰 方向 抖动"
"R534","地面检查中发现光电平台有卡滞抖动现象"
"R534","地面 检查 中 发现 光电 平台 有卡滞 抖动 现象"
"R535","飞行中红外发出校正指令进行校正后，出现自动关机报故现象"
"R535","飞行 中 红外 发出 校正 指令 校正 后 自动关机 报故 现象"
"R536","光电平台红外画质抖动，重新加电无好转，红外自动断电重启三次"
"R536","光电 平台 红外 画质 抖动 加电 无 好转 红外 自动 断电 重启 三次"
"R537","光电平台的激光器上电后显示电源故障，激光测距功能失效"
"R537","光电 平台 激光器 上电后 显示 电源 故障 激光测距 功能 失效"
"R538","数码相机加装地面试验中，其配套的检测与下载计算机出现不能启动故障"
"R538","数码相机 加装 地面 试验 中 配套 检测 下载 计算机 启动 故障"
"R539","红外热像仪不工作，重启后还是无法工作且设备开始不制冷"
"R539","红外 热像仪 不 工作 重启 后 工作 设备 不 制冷"
"R540","数码相机装前检查中，数码相机机箱内固定相机的螺钉脱落"
"R540","数码相机 装前 检查 中 数码相机 机箱 内 固定 相机 螺钉 脱落"
"R540","数码相机装前检查中，过数码相机系统检测与下载计算机检查数码相机功能时，数码相机不能拍照"
"R540","数码相机 装前 检查 中 数码相机 系统 检测 下载 计算机 检查 数码相机 功能 时 数码相机 拍照"
"R540","数码相机装前检查中，机箱和内部固定电路板的螺钉没有弹性垫圈"
"R540","数码相机 装前 检查 中 机箱 内部 固定 电路板 螺钉 弹性 垫圈"
"R541","加电1小时后主遥控键出现闪烁，飞控软件开关在正常和不正常间跳动，检验在正确和错误间跳动"
"R541","加电 1 小时 后主 遥控 键 闪烁 飞控 软件 开关 不 间 跳动 检验 正确 错误 间 跳动"
"R542","天线齿轮卡滞"
"R542","天线 齿轮 卡滞"
"R543","ku卫通天线极限轴有卡滞现象"
"R543","ku 卫 通天 线 极限 轴有 卡滞 现象"
"R544","卫通机载天线显示失锁"
"R544","卫通 机载 天线 显示 失锁"
"R545","卫通功放功率推不到饱和"
"R545","卫通 功放 功率 推 不到 饱和"
"R546","重要汇流条并网后，卫通天线未正常工作"
"R546","汇流 条 网后 卫 通天 线 未 工作"
"R547","静态联试时，卫通天线能锁定，发动机开车后，卫通不能锁定"
"R547","静态 联试 时 卫 通天 线能 锁定 发动机 开车 后 卫通 锁定"
"R549","空中卫通下行失锁5min，显示为机载卫通天线方位误差电压大，增大机载功率后正常"
"R549","空中 卫通 下行 失锁 5 min 显示 机载 卫 通天 线 方位 误差 电压 大 增大 机载 功率 后"
"R553","地面联试打开KU无线大功率时，功率指标不够，功率无法推到饱和输出"
"R553","地面 联试 打开 KU 无线 大功率 时 功率 指标 功率 推到 饱和 输出"
"R554","地面站显示报故，指示灯不亮"
"R554","地面站 显示 报故 指示 灯不亮"
"R555","功放打开，没有下行信号"
"R555","功放 打开 下行 信号"
"R557","卫通功放打开状态下机载天线接收帧和解调器失锁"
"R557","卫通 功放 打开 状态 下 机载 天线 接收 帧 解调器 失锁"
"R558","卫通下行链路无法建立"
"R558","卫通 下行 链路 建立"
"R559","飞机上电，卫通链路无下行信号"
"R559","飞机 上电 卫通 链路 无 下行 信号"
"R560","地面联试过程中，机载卫通功放不能正常工作，风扇不转，TX指示灯不亮"
"R560","地面 联试 过程 中 机载 卫通 功放 工作 风扇 不转 TX 指示 灯不亮"
"R563","地面联试时无上行信号，有下行信号"
"R563","地面 联试 时 无 上行 信号 下行 信号"
"R565","飞行前功能检查时，在注入密钥之后密码通信半小时左右，上行接收帧不锁定"
"R565","飞行 前 功能 检查 时 注入 密钥 密码 通信 半小时 上行 接收 帧 不 锁定"
"R566","飞行过程中，卫通上行、下行链路中断"
"R566","飞行 过程 中 卫通 上行 下行 链路 中断"
"R567","应答机敌我识别系统iff接收为0%"
"R567","应答机 敌我 识别系统 iff 接收 0"
"R568","飞行时航管部门发现飞机上升高度1900m后，应答机始终报1900m，当飞机上升高度2700m时应答机依然报1900m"
"R568","飞行 时 航管 部门 发现 飞机 高度 1900 m 后 应答机 始终 报 1900 m 飞机 高度 2700 m 时 应答机 依然 报 1900 m"
"R571","卫通天线车自环载噪比过低，导致下行链路失锁"
"R571","卫 通天 线车 自环载 噪比过 低 导致 下行 链路 失锁"
"R572","卫通天线车自环载噪比过低，导致下行链路失锁"
"R572","卫 通天 线车 自环载 噪比过 低 导致 下行 链路 失锁"
"R573","调制解调器不能正常工作"
"R573","调制解调器 工作"
"R577","车壁右后上箱螺栓断裂"
"R577","车壁 右后 上箱 螺栓 断裂"
"R578","用ODU1时不能完成调制与解调"
"R578","ODU1 时 调制 解调"
"R585","1#卫通设备车UPS无法正常供电，UPS电池有电"
"R585","1 卫通 设备 车 UPS 供电 UPS 电池 有电"
"R586","UPS无法启动，ALARM灯报警"
"R586","UPS 启动 ALARM 灯 报警"
"R588","联试时，光缆不通"
"R588","联试 时 光缆 不通"
"R589","扩频调制器2载波过低，不能满足正常使用"
"R589","扩频 调制器 2 载波 过低"
"R590","油机电瓶没电，油机不能启动"
"R590","油 机电 瓶 没电 油机 启动"
"R591","扩频调制器1按键失灵无法进行参数设置"
"R591","扩频 调制器 1 按键 失灵 参数设置"
"R592","电源插头烧坏"
"R592","电源插头 烧坏"
"R594","视频数字记录仪加电后自动重启，硬盘灯显示红色，自动重启两次后，视频数字记录仪重启启动不起来"
"R594","视频 数字 记录仪 加电后 自动 重启 硬盘 灯 显示 红色 自动 重启 两次 后 视频 数字 记录仪 重启 启动 不"
"R595","任务控制A柜、B柜无法发送指令"
"R595","控制 A 柜 B 柜 发送 指令"
"R596","任务控制B机柜网络经常出现未连接现象"
"R596","控制 B 机柜 网络 经常出现 未 连接 现象"
"R597","飞控A机柜上行不通"
"R597","飞控 A 机柜 上 行不通"
"R598","任务控制B柜开机后网络正常，但使用时网络时断时连续，不稳定"
"R598","控制 B 柜 开机 后 网络 时 网络 时断 时 连续 不 稳定"
"R600","联试中计算机黑屏死机，重启无法进入操作系统"
"R600","联试 中 计算机 黑屏 死机 重启 操作系统"
"R603","飞控图像显示单元无法显示图像"
"R603","飞控 图像 显示 单元 显示 图像"
"R605","任务控制A柜电脑无法开机"
"R605","控制 A 柜 电脑 开机"
"R615","主视距拖车与馈源连接的信号线接口无法拧下"
"R615","主 视距 拖车 馈源 连接 信号线 接口 拧下"
"R616","转动天线方位旋钮，天线方位数值显示不连续，且停止时天线有抖动，切外控后，在链路监控席位看不到拖车信息"
"R616","天线 方位 旋钮 天线 方位 数值 显示 不 连续 停止 时 天线 抖动 切外 控后 链路 监控 席位 看不到 拖车 信息"
"R617","视距拖车C全向天线与定向天线无法切换"
"R617","视距 拖车 C 全向天线 定向天线 切换"
"R618","天线升起时俯仰方向抖动"
"R618","天线 升起 时 俯仰 方向 抖动"
"R619","天线俯仰不能控制"
"R619","天线 俯仰 控制"
"R620","GPS天线断裂，收不到信号"
"R620","GPS 天线 断裂 收不到 信号"
"R622","油机不能启动"
"R622","油机 启动"
"R625","任控机柜指令无法发送"
"R625","任控 机柜 指令 发送"
"R627","主遥控发频跟踪时锁时不锁，主遥控闪烁"
"R627","主 遥控 发频 跟踪 时锁时 不锁 主 遥控 闪烁"
"R629","任务规划电脑开机时出现“CMOS ERROR”故障"
"R629","规划 电脑 开机 时 CMOS ERROR 故障"
"R631","飞行前检测中，任务规划机柜计算机自动重启，重启后无法进入操作系统"
"R631","飞行 前 检测 中 规划 机柜 计算机 自动 重启 重启 后 操作系统"
"R632","飞行前检测时，北斗用户机加电无法正常启动"
"R632","飞行 前 检测 时 北斗 用户 机加电 启动"
"R635","任务控制柜的计算机无法启动"
"R635","控制柜 计算机无法 启动"
"R639","出气口罩断裂"
"R639","出气 口罩 断裂"
"R640","UPS未能启动，电池指示灯闪烁"
"R640","UPS 未能 启动 电池 指示灯 闪烁"
"R642","高频箱电源1分3插头、跟踪接收机外露插头腐化严重"
"R642","高频 箱 电源 1 分 3 插头 跟踪 接收机 外露 插头 腐化"
"R642","高频箱电源1分3插头、跟踪接收机外露插头腐化严重"
"R642","高频 箱 电源 1 分 3 插头 跟踪 接收机 外露 插头 腐化"
"R642","高频箱电源1分3插头、跟踪接收机外露插头腐化严重"
"R642","高频 箱 电源 1 分 3 插头 跟踪 接收机 外露 插头 腐化"
"R642","高频箱电源1分3插头、跟踪接收机外露插头腐化严重"
"R642","高频 箱 电源 1 分 3 插头 跟踪 接收机 外露 插头 腐化"
"R644","视距链路下行时有时无"
"R644","视距 链路 下行 时有时无"
"R645","UPS不能加电"
"R645","UPS 加电"
"R653","无遥测信号，有视频信号"
"R653","无 遥测 信号 视频信号"
"R654","打开BZK-005/A软件，无法选择显示飞机遥测数据"
"R654","打开 BZK 005 A 软件 选择 显示 飞机 遥测 数据"
"R655","2#地面站作模车在联试中有图像无遥测"
"R655","2 地面站 作模车 联试 中 图像 无 遥测"
"R656","计算机启动第三路信号输入视频矩阵无显示"
"R656","计算机 启动 第三路 信号 输入 视频 矩阵 无 显示"
"R660","作模车光缆通信故障"
"R660","作模车 光缆 通信 故障"
"R661","1号地面站的作模车接收不了遥测信号"
"R661","1 号 地面站 作模车 接收 遥测 信号"
"R662","外控线信号不正常"
"R662","外控线 信号 不"
"R663","语音通信故障，主站不能接收外控语音，但外控可接收主站语音"
"R663","语音 通信 故障 主站 接收 外控 语音 外控 接收 主站 语音"
"R665","UPS1机箱自燃"
"R665","UPS1 机箱 自燃"
"R666","UPS2机箱自燃"
"R666","UPS2 机箱 自燃"
"R667","视频处理软件“图像采集”时间较长，矫正软件对彩色图像无法进行校正"
"R667","视频 处理软件 图像 采集 时间 较长 矫正 软件 彩色图像 校正"
"R668","情报处理站视频处理2席位视频处理主机启动后死机无法进行键盘鼠标操作，经多次断电重启后仍然不能恢复正常"
"R668","情报 站 视频 2 席位 视频 主机 启动 后 死机 键盘 鼠标 操作 断电 重启 后 恢复正常"
"R672","油机排气管与消音器脱开，废气从脱开处排出"
"R672","油机 排气管 消音器 脱开 废气 脱开 处 排出"
"R673","备用电池电压明显降低"
"R673","备用 电池 电压 明显降低"
"R678","上电时电源电压低于正常值，调节电压调节旋钮，电压调不到正常值"
"R678","上电时 电源 电压 低于 正常值 调节 电压 调节 旋钮 电压 调 不到 正常值"
"R681","DGPS接收天线损坏，无法接收"
"R681","DGPS 接收 天线 损坏 接收"
"R682","差分站接收机面板电缆断掉"
"R682","差分 站 接收机 面板 电缆 断掉"
"R683","DGPS故障，工作不稳定"
"R683","DGPS 故障 工作 不 稳定"
"R686","设备展开的过程中，天线的俯仰不能转动。后接上手提驱动箱后，天线方位、俯仰转动正常"
"R686","设备 展开 过程 中 天线 俯仰 后 接上 手提 驱动 箱后 天线 方位 俯仰"
"R693","情报处理站视频处理2席位视频处理主机启动后死机无法进行键盘鼠标操作，经多次断电重启后仍然不能恢复正常"
"R693","情报 站 视频 2 席位 视频 主机 启动 后 死机 键盘 鼠标 操作 断电 重启 后 恢复正常"
"R695","发动机安装到位后，发动机短舱下罩安装孔无法全部对齐，且与发动机短舱上罩无法连接"
"R695","发动机 安装 到位 后 发动机 短舱 下罩 安装 孔 对齐 发动机 短舱 上罩 连接"
"R696","短舱上罩组件和下罩组件安装后，其后边缘与螺旋桨桨叶表面干涉"
"R696","短舱 上罩 组件 下 罩 组件 安装 后 边缘 螺旋桨 桨叶 表面 干涉"
"R697","发动机试车过程中滑油压力波动范围超过限制值"
"R697","发动机 试车 过程 中滑油 压力 波动 超过 值"
"R698","试车过程中，B点火停止工作时，转速下降过多，发动机状态不稳，停车检查后再起动时起动困难"
"R698","试车 过程 中 B 点火 停止 工作 时 转速 下降 过多 发动机 状态 不稳 停车 检查 后 再 起动 时 起动 困难"
"R699","滑油箱上连接箱盖与箱体之间的卡箍组件中的角片脱焊"
"R699","滑 油箱 上 连接 箱盖 箱体 之间 卡箍 组件 中 角片 脱焊"
"R700","滑油箱箱盖组件接头外螺纹溢扣"
"R700","滑 油箱 箱盖 组件 接头 外螺纹 溢扣"
"R700","滑油箱导管组件外套螺母的内螺纹受损"
"R700","滑 油箱 导管 组件 外套 螺母 内螺纹 受损"
"R701","燃油泵出口管嘴与燃油胶管连接处卡箍共2个溢扣"
"R701","燃油泵 出口 管嘴 燃油 胶管 连接处 卡箍 共 2 个溢扣"
"R702","滑油箱连接卡箍溢扣"
"R702","滑 油箱 连接 卡箍 溢扣"
"R702","燃油泵出口管嘴与燃油胶管连接处卡箍溢扣"
"R702","燃油泵 出口 管嘴 燃油 胶管 连接处 卡箍 溢扣"
"R705","放油开关打开后无法关闭"
"R705","放油 开关 打开 后 关闭"
"R706","飞机通电检查，出现供油低压压力开关信号报警"
"R706","飞机 通电 检查 供油 低压 压力 开关 信号 报警"
"R707","燃油泵接线柱上连接电缆后，相互干涉"
"R707","燃油泵 接线柱 上 连接 电缆 后 相互 干涉"
"R708","燃油泵输出端管路卡箍上的的螺钉与燃油泵的接线柱干涉，无法安装电缆"
"R708","燃油泵 输出 端 管路 卡箍 上 螺钉 燃油泵 接线柱 干涉 安装 电缆"
"R709","飞行前发现滑油箱口盖内部有裂纹"
"R709","飞行 前 发现 滑 油箱 口盖 内部 裂纹"
"R710","发动机开车检查时，排气温度传感器数值与测温仪数值不符"
"R710","发动机 开车 检查 时 排气 温度传感器 数值 测温仪 数值 不符"
"R713","在全机通电过程中，惯导报一级故障"
"R713","全机 通电 过程 中 惯 导报 一级 故障"
"R715","外场试验中，15分钟后DGPS信号消失，GPS信号也消失"
"R715","外场 试验 中 15 分钟 后 DGPS 信号 消失 GPS 信号 消失"
"R716","高度表在装机时，发现安装孔错位，使高度表无法安装"
"R716","高度表 装机 时 发现 安装 孔 错位 使 高度表 安装"
"R717","摇晃无线电高度表时，内部有声响"
"R717","摇晃 无线电 高度表 时 内部 声响"
"R718","装前校验过程中，启动时间超过300秒，启动自检故障"
"R718","装前 校验 过程 中 启动 时间 超过 300 秒 启动 自检 故障"
"R719","装前校验时，正常启动几分钟后有异响，自检输出正常，A、B、C三个组件的航向、俯仰、横滚九个通道均无信号输出"
"R719","装前 校验 时 启动 几分钟 后 异响 自检 输出 A B C 三个 组件 航向 俯仰 横滚 九个 通道 均 无 信号 输出"
"R720","联试过程中，飞机加电速率陀螺静态A通道数值偏大"
"R720","联试 过程 中 飞机 加电 速率 陀螺 静态 A 通道 数值 偏大"
"R721","动态检查过程中，发现通道3号的横滚，与1、2号的横滚输出不同"
"R721","动态 检查 过程 中 发现 通道 3 号 横滚 1 2 号 横滚 输出"
"R722","联试过程中，飞机加电后，速率陀螺组件静态A通道数值偏大"
"R722","联试 过程 中 飞机 加电后 速率 陀螺 组件 静态 A 通道 数值 偏大"
"R723","飞机飞行过程中速率陀螺报故"
"R723","飞机 飞行 过程 中 速率 陀螺 报故"
"R724","在安装过程中，总静压受感器的P端连接管有微微的晃动"
"R724","安装 过程 中 总 静压 受 感器 P 端 连接 管有 微微 晃动"
"R725","在地检模式下，左升降舵切换至备通道工作时，余度2报DSP故障和模型故障"
"R725","地检 模式 下 左 升降舵 切换 至备 通道 工作 时 余度 2 报 DSP 故障 模型 故障"
"R726","节风门舵机余度1时，全机舵机报1次故障"
"R726","节 风门 舵机 余度 1 时 全机 舵机 报 1 次 故障"
"R727","飞行过程中右副翼卡死，卡死角度3度半左右"
"R727","飞行 过程 中右 副翼 卡死 卡死 角度 3 度 半左右"
"R728","滑跑前地面通电联试时发现右襟翼、副襟翼两个舵机有异响，舵面轻微震颤，断开舵面拉杆后，舵机异响依旧存在"
"R728","滑跑 前 地面 通电 联试 时 发现 右 襟翼 副 襟翼 两个 舵机 异响 舵面 轻微 震颤 断开 舵面 拉杆 后 舵机 异响 依旧"
"R729","接收天线无法正常工作致使差分无法正常加电"
"R729","接收 天线 工作 致使 差分 加电"
"R731","机身与左机翼前梁对接处的螺栓太短，螺栓尾部端面未露出"
"R731","机身 左 机翼 前梁 对接 处 螺栓 太短 螺栓 尾部 端面 未 露出"
"R732","平尾和垂直尾翼翼面上的6个舵机口盖螺栓安装错误"
"R732","平尾 垂直 尾翼 翼 面上 6 舵机 口盖 螺栓 安装 错误"
"R733","机身与尾撑管对接处的连接螺栓头部与机身蒙皮处的抽钉尾部相互干涉，安装困难"
"R733","机身 尾 撑 对接 处 连接 螺栓 头部 机身 蒙皮 处 抽 钉 尾部 相互 干涉 安装 困难"
"R735","左底罩上用于安装总温传感器的托板螺母规格与图纸不符"
"R735","左底 罩 上 用于 安装 总温 传感器 托板 螺母 规格 图纸 不符"
"R736","机头罩三通支架上托板螺母规格与图纸不符"
"R736","机头 罩 三通 支架 上 托板 螺母 规格 图纸 不符"
"R738","GPS/GLONASS天线的电搭铁安装与图纸不符，六框腹板缺固定电搭铁的托板螺母，电搭铁与中后机身中间蒙皮的未铆接固定"
"R738","GPS GLONASS 天线 电 搭 铁 安装 图纸 不符 六框 腹板 缺 固定 电搭铁 托板 螺母 电搭铁 中后 机身 蒙皮 未 铆接 固定"
"R739","左右副翼舵机搭铁未安装，左右襟翼搭铁规格与图纸不符"
"R739","副翼 舵机 搭铁未 安装 襟翼 搭铁 规格 图纸 不符"
"R740","1～2框间右纵梁上缘条处缺少固定平台驱动单元和雷达小信号单元电搭铁的托板螺母"
"R740","1 2 框间 右 纵梁 上缘 条处 缺少 固定 平台 驱动 单元 雷达 小 信号 单元 电搭铁 托板 螺母"
"R741","9框后燃油设备维护口盖上的螺钉与机体托板螺母粘死无法拆卸"
"R741","9 框后 燃油 设备 维护 口盖 上 螺钉 机体 托板 螺母 粘死 拆卸"
"R742","左右垂直安定面上连接磁力计搭铁的托板螺母规格错误"
"R742","垂直 安定 面上 连接 磁力计 搭铁 托板 螺母 规格 错误"
"R743","前机身1框后左侧地板上安装滤波电容盒的4个托板螺母孔位间距与图纸不符"
"R743","前 机身 1 框后 左侧 地板 上 安装 滤波 电容 盒 4 托板 螺母 孔位 间距 图纸 不符"
"R744","机头罩搭铁片未开孔"
"R744","机头 罩 搭 铁片 未开 孔"
"R746","10框腹板上的滑油箱安装座上没有粘接减震胶垫"
"R746","10 框 腹板 上 滑 油箱 安装 座 上 粘接 减震 胶垫"
"R747","左、右机翼4号肋后段各缺3个襟翼支架安装托板螺母"
"R747","左 右 机翼 4 号 肋 后 段 各缺 3 襟翼 支架 安装 托板 螺母"
"R747","左、右机翼8号肋后段各缺3个副翼支架安装托板螺母"
"R747","左 右 机翼 8 号 肋 后 段 各缺 3 副翼 支架 安装 托板 螺母"
"R747","总温传感器安装有1个托板螺母规格错误"
"R747","总温 传感器 安装 1 托板 螺母 规格 错误"
"R747","差分GPS卡套尺寸加工偏差太大"
"R747","差分 GPS 卡套 尺寸 加工 偏差 太大"
"R747","卫通功放搭铁安装托板螺母安装方向错误"
"R747","卫通 功放 搭铁 安装 托板 螺母 安装 方向 错误"
"R747","通风盒搭铁安装托板螺母规格错误"
"R747","通风 盒 搭 铁 安装 托板 螺母 规格 错误"
"R748","舵机控制盒安装螺钉长度不够"
"R748","舵机 控制 盒 安装 螺钉 长度"
"R749","速率陀螺安装螺钉长度不够"
"R749","速率 陀螺 安装 螺钉 长度"
"R750","通风盒搭铁线安装螺钉长度不够"
"R750","通风 盒 搭 铁线 安装 螺钉 长度"
"R751","舵机控制盒安装螺钉长度不够"
"R751","舵机 控制 盒 安装 螺钉 长度"
"R752","速率陀螺安装螺钉长度不够"
"R752","速率 陀螺 安装 螺钉 长度"
"R753","通风盒搭铁线安装螺钉长度不够"
"R753","通风 盒 搭 铁线 安装 螺钉 长度"
"R754","机翼尖安装螺钉规格错误"
"R754","机翼 尖 安装 螺钉 规格 错误"
"R755","燃油设备维护口盖螺钉十字槽损坏"
"R755","燃油 设备 维护 口盖 螺钉 十字 槽 损坏"
"R756","水平安定面后墙处上蒙皮复合材料劈裂"
"R756","水平 安定 面后 墙处 上 蒙皮 复合材料 劈裂"
"R757","输油泵单向阀支架安装位置倾斜，其中一个单向阀无法固定"
"R757","输油泵 单向阀 支架 安装 位置 倾斜 单向阀 固定"
"R758","架机平尾安定面后墙上4个舵机安装孔位均存在不同程度的制造偏离，导致舵机安装困难"
"R758","架机 平尾 安定 面后 墙上 4 舵机 安装 孔位 均 程度 制造 偏离 导致 舵机 安装 困难"
"R761","温控开关支架加工错误"
"R761","温控 开关 支架 加工 错误"
"R761","平尾安定面后墙上4个舵机安装孔位均存在不同程度的制造偏离，导致舵机安装困难"
"R761","平尾 安定 面后 墙上 4 舵机 安装 孔位 均 程度 制造 偏离 导致 舵机 安装 困难"
"R762","左、右机翼机身对接处机翼端各缺2个缺固定托板螺母"
"R762","左 右 机翼 机身 对接 处 机翼 端 各缺 2 缺 固定 托板 螺母"
"R763","升降舵机维护口盖复合材料分层"
"R763","升降舵 机 维护 口盖 复合材料 分层"
"R764","平台惯导托架与通风盒管道发生干涉，托架中的两个通孔与通风盒的通风管不同轴，导致惯导托架无法安装"
"R764","平台 惯导 托架 通风 盒 管道 发生 干涉 托架 中 两个 通孔 通风 盒 通风管 轴 导致 惯导 托架 安装"
"R764","控制器安装螺钉长度不足"
"R764","控制器 安装 螺钉 长度"
"R764","4框中腹板上未开测控系统电源开关孔"
"R764","4 框中 腹板 上 未开 测控 系统 电源开关 孔"
"R765","KU天线底座与垫块间有间隙"
"R765","KU 天线 底座 垫块 间 间隙"
"R766","空速管加温开关插销孔开偏"
"R766","空速 加温 开关 插销 孔开 偏"
"R766","左、右尾撑管下部高度表天线安装处的电缆过孔无橡胶垫"
"R766","左 右 尾 撑 下部 高度表 天线 安装 处 电缆 过孔 无 橡胶垫"
"R767","空速管加温开关插销孔未开"
"R767","空速 加温 开关 插销 孔未开"
"R768","机翼上电缆套管固定卡箍已脱落"
"R768","机翼 上 电缆 套管 固定 卡箍 已 脱落"
"R769","左襟翼拉杆端头的拧入深度不足"
"R769","左 襟翼 拉杆 端头 拧 入 深度"
"R770","发动机短舱下罩安装孔无法全部对齐，且无法与上罩连接"
"R770","发动机 短舱 下罩 安装 孔 对齐 上 罩 连接"
"R771","短舱上罩组件和下罩组件安装后，其后边缘与螺旋桨桨叶表面干涉"
"R771","短舱 上罩 组件 下 罩 组件 安装 后 边缘 螺旋桨 桨叶 表面 干涉"
"R772","起落架收放试验过程中，收起时正常，放下时右起落架严重滞后于左起落架和前起落架"
"R772","起落架 收放 试验 过程 中 收起 时 放下 时右 起落架 滞后 左 起落架 前 起落架"
"R772","起落架收放试验过程中，收起时正常，放下时右起落架严重滞后于左起落架和前起落架"
"R772","起落架 收放 试验 过程 中 收起 时 放下 时右 起落架 滞后 左 起落架 前 起落架"
"R772","起落架收放试验过程中，收起时正常，放下时右起落架严重滞后于左起落架和前起落架"
"R772","起落架 收放 试验 过程 中 收起 时 放下 时右 起落架 滞后 左 起落架 前 起落架"
"R773","左右起落架缓冲支柱外筒下部均有不同程度漏油现象"
"R773","起落架 缓冲 支柱 外筒 下部 均 程度 漏油 现象"
"R774","左右起落架缓冲支柱外筒下部均有不同程度漏油现象"
"R774","起落架 缓冲 支柱 外筒 下部 均 程度 漏油 现象"
"R775","前起落架减摆器阻尼减小"
"R775","前 起落架 减摆器 阻尼 减小"
"R776","试飞过程中发现右起落架无法收起锁死"
"R776","试飞 过程 中 发现 右 起落架 收起 锁死"
"R777","飞行后检查，发现右起落架舱门拉杆接头断裂。"
"R777","飞行 后 检查 发现 右 起落架 舱门 拉杆 接头 断裂"
"R779","左主起落架作动筒收放过程中出现渗油"
"R779","左主 起落架 作动筒 收放 过程 中 渗油"
"R780","飞行前做机务检查时发现滑油箱口盖内部有裂纹"
"R780","飞行 前 做 机务 检查 时 发现 滑 油箱 口盖 内部 裂纹"
"R781","飞行后检查，发现右起落架缓冲支柱内筒上部刮油环脱离"
"R781","飞行 后 检查 发现 右 起落架 缓冲 支柱 内筒 上部 刮油 环 脱离"
"R782","主控制盒在随机振动（沿航向）测试过程中，主控制盒测试仪发出了“发电机并网2”指令后，主控制盒无相应输出"
"R782","主控制 盒 随机振动 航向 测试 过程 中 主控制 盒 测试仪 发出 发电机 并网 2 指令 后 主控制 盒 无 输出"
"R783","对主控制盒进行随机振动前测试，发现输油泵2故障"
"R783","主控制 盒 随机振动 前 测试 发现 输油泵 2 故障"
"R784","主控制盒在进行ESS试验时温度循环前的垂直方向振动后，蓄电池并网指令撤除后蓄电池仍旧保持并网状态"
"R784","主控制 盒 ESS 试验 时 温度 循环 前 垂直 方向 振动 后 蓄电池 并网 指令 撤除 后 蓄电池 并网 状态"
"R785","地面拷机实验过程中，由于操作不当，造成主控制盒插头的19针打火断损"
"R785","地面 拷机 实验 过程 中 操作 不当 主控制 盒 插头 19 针 打火 断损"
"R787","在地检过程中给飞机上电并打开惯导开关后，全机电流较正常值偏高"
"R787","地检 过程 中 飞机 上电 打开 惯导 开关 后 全机 电流 正常值 偏高"
"R788","在地面检查中发现发电机负载输出电压与装前检验试验中测试结果相比偏低"
"R788","地面 检查 中 发现 发电机 负载 输出 电压 装前 检验 试验 中 测试 相比 偏低"
"R789","空载电压波动大，负载电压偏低"
"R789","空载 电压 波动 大 负载 电压 偏低"
"R791","发电机控制器在日常通电检查过程中突然发生电流信号偏低现象"
"R791","发电机 控制器 日常 通电 检查 过程 中 发生 电流 信号 偏低 现象"
"R793","发动机开车后发现主电源电压波动大"
"R793","发动机 开车 后 发现 主 电源 电压 波动 大"
"R794","在ESS垂直轴向振动试验后发现，“燃油泵1”输出异常，燃油低压信号无法将燃油泵1电源切断"
"R794","ESS 垂直轴 振动 试验 后 发现 燃油泵 1 输出 异常 燃油 低压 信号 燃油泵 1 电源 切断"
"R794","在ESS垂直轴向振动试验后发现，飞控发出“发动机停车1”指令导致“发动机停车1”和“发动机启动”同时动作，飞控发出“发动机启动”指令导致“发动机停车1”和“发动机启动”同时动作"
"R794","ESS 垂直轴 振动 试验 后 发现 飞控 发出 发动机 停车 1 指令 导致 发动机 停车 1 发动机 启动 动作 飞控 发出 发动机 启动 指令 导致 发动机 停车 1 发动机 启动 动作"
"R795","在ESS垂直轴向振动试验后发现，“燃油泵2”输出异常，主控制盒加电未发出双燃油泵指令或燃油泵2地控指令时燃油泵2即有输出"
"R795","ESS 垂直轴 振动 试验 后 发现 燃油泵 2 输出 异常 主控制 盒加 电未 发出 双 燃油泵 指令 燃油泵 2 地控 指令 时 燃油泵 2 输出"
"R797","在联试过程中，视距链路在天线1时，上下行可正常工作，切换到天线2时，没有下行数据，接收AGC为0.1V"
"R797","联试 过程 中 视距 链路 天线 1 时 上下行 工作 切换 天线 2 时 下行 数据 接收 AGC 0.1 V"
"R798","联试时发现，机载视距收发组合密码状态下，保密机报警，视距链路不通"
"R798","联试 时 发现 机载 视距 收发 组合 密码 状态 下 保密 机 报警 视距 链路 不通"
"R799","拷机过程中，机载视距收发组合出现故障，C波段遥控无法锁定"
"R799","拷机 过程 中 机载 视距 收发 组合 故障 C 波段 遥控 锁定"
"R800","收发组合的“发频综状态”在“正常”与“故障”间反复切换，导致下行链路无法锁定"
"R800","收发 组合 发 频 综 状态 故障 间 反复 切换 导致 下行 链路 锁定"
"R801","在联试过程中，卫通机载收发组合的保密机模块不能完成密钥注入"
"R801","联试 过程 中 卫通 机载 收发 组合 保密 机 模块 密钥 注入"
"R803","机场联试时发现，机载Ku天线失锁"
"R803","机场 联试 时 发现 机载 Ku 天线 失锁"
"R804","地面联试过程中，惯导准航后不能锁定卫星，只有在重要汇流条重新断电上电后才能正常工作"
"R804","地面 联试 过程 中 惯导准 航后 锁定 卫星 汇流 条 断电 上电后 工作"
"R805","卫通在密码传输下不通，在明码传输下正常"
"R805","卫通 密码 传输 下 不通 明码 传输 下"
"R806","卫通在密码传输下不通，在明码传输下正常"
"R806","卫通 密码 传输 下 不通 明码 传输 下"
"R807","联试中，卫通下行反向链路锁定不稳"
"R807","联试 中 卫通 下行 反向 链路 锁定 不稳"
"R808","起飞前状态检查，卫通链路设备状态显示异常"
"R808","起飞前 状态 检查 卫通 链路 设备 状态 显示 异常"
"R810","联试过程中，机载Ku卫通天线跟踪设备加电后，天线方位轴不受控制"
"R810","联试 过程 中 机载 Ku 卫 通天 线 跟踪 设备 加电后 天线 方位 轴不受 控制"
"R811","地面联试过程中发现机载卫通Ku天线在俯仰45度水平190度处不停地抖动，无法锁定卫星"
"R811","地面 联试 过程 中 发现 机载 卫通 Ku 天线 俯仰 45 度 水平 190 度处 不停 抖动 锁定 卫星"
"R812","机载卫通天线分别出现两次机载卫通天线显示不能锁定卫星的现象"
"R812","机载 卫 通天 线 两次 机载 卫 通天 线 显示 锁定 卫星 现象"
"R814","发电机连接轴套与发动机支架间隙未达到要求，无法装机"
"R814","发电机 连接 轴套 发动机 支架 间隙 未 装机"
"R815","发电机连接轴套与发动机支架间隙未达到要求，无法装机"
"R815","发电机 连接 轴套 发动机 支架 间隙 未 装机"
"R816","发电机连接轴套与发动机支架间隙未达到要求，无法装机"
"R816","发电机 连接 轴套 发动机 支架 间隙 未 装机"
"R817","发电机连接轴套与发动机支架间隙未达到要求，无法装机"
"R817","发电机 连接 轴套 发动机 支架 间隙 未 装机"
"R818","发电机连接轴套与发动机支架间隙未达到要求，无法装机"
"R818","发电机 连接 轴套 发动机 支架 间隙 未 装机"
"R819","发电机连接轴套与发动机支架间隙未达到要求，无法装机"
"R819","发电机 连接 轴套 发动机 支架 间隙 未 装机"
"R820","发电机连接轴套与发动机支架间隙未达到要求，无法装机"
"R820","发电机 连接 轴套 发动机 支架 间隙 未 装机"
"R824","无法按照图纸顺利安装耳片"
"R824","图纸 顺利 安装 耳片"
"R825","装机时发现发动机供油胶管无法正常安装"
"R825","装机 时 发现 发动机 供油 胶管 安装"
"R826","装机时发现发动机供油胶管无法正常安装"
"R826","装机 时 发现 发动机 供油 胶管 安装"
"R827","装机时发现发动机供油胶管无法正常安装"
"R827","装机 时 发现 发动机 供油 胶管 安装"
"R828","装机时发现发动机供油胶管无法正常安装"
"R828","装机 时 发现 发动机 供油 胶管 安装"
"R829","装机时发现发动机供油胶管无法正常安装"
"R829","装机 时 发现 发动机 供油 胶管 安装"
"R830","短舱下罩密封条无法安装"
"R830","短舱 下罩 密封条 安装"
"R831","短舱下罩密封条无法安装"
"R831","短舱 下罩 密封条 安装"
"R832","短舱下罩密封条无法安装"
"R832","短舱 下罩 密封条 安装"
"R833","短舱下罩密封条无法安装"
"R833","短舱 下罩 密封条 安装"
"R834","短舱下罩密封条无法安装"
"R834","短舱 下罩 密封条 安装"
"R835","短舱下罩密封条无法安装"
"R835","短舱 下罩 密封条 安装"
"R836","短舱下罩密封条无法安装"
"R836","短舱 下罩 密封条 安装"
"R837","装机过程中，发电机连接轴套与联轴器的同轴度不合格"
"R837","装机 过程 中 发电机 连接 轴套 联轴器 同轴 度 不 合格"
"R838","装机过程中发现空气冷却风罩未开孔，无法装机使用"
"R838","装机 过程 中 发现 空气冷却 风罩 未开 孔 装机"
"R839","装机过程中发现空气冷却风罩未开孔，无法装机使用"
"R839","装机 过程 中 发现 空气冷却 风罩 未开 孔 装机"
"R840","装机过程中发现空气冷却风罩未开孔，无法装机使用"
"R840","装机 过程 中 发现 空气冷却 风罩 未开 孔 装机"
"R841","发动机短舱上罩外部撕裂"
"R841","发动机 短舱 上罩 外部 撕裂"
"R842","散热器支架滑油散热器端的两个横梁的间距尺寸与图纸不符，导致滑油散热器无法安装到位"
"R842","散热器 支架 滑油 散热器 端的 两个 横梁 间距 尺寸 图纸 不符 导致 滑油 散热器 安装 到位"
"R843","散热器支架滑油散热器端的两个横梁的间距尺寸与图纸不符，导致滑油散热器无法安装到位"
"R843","散热器 支架 滑油 散热器 端的 两个 横梁 间距 尺寸 图纸 不符 导致 滑油 散热器 安装 到位"
"R844","冷却风罩均无法将发动机散热片完全覆盖，冷却风罩下端缺少包裹翻边，导致发动机在空中飞行过程中散热效果受到影响"
"R844","冷却 风罩 均 发动机 散热片 覆盖 冷却 风罩 下端 缺少 包裹 翻边 导致 发动机 空中 飞行 过程 中 散热 效果 影响"
"R845","冷却风罩均无法将发动机散热片完全覆盖，冷却风罩下端缺少包裹翻边，导致发动机在空中飞行过程中散热效果受到影响"
"R845","冷却 风罩 均 发动机 散热片 覆盖 冷却 风罩 下端 缺少 包裹 翻边 导致 发动机 空中 飞行 过程 中 散热 效果 影响"
"R846","冷却风罩均无法将发动机散热片完全覆盖，冷却风罩下端缺少包裹翻边，导致发动机在空中飞行过程中散热效果受到影响"
"R846","冷却 风罩 均 发动机 散热片 覆盖 冷却 风罩 下端 缺少 包裹 翻边 导致 发动机 空中 飞行 过程 中 散热 效果 影响"
"R847","冷却风罩均无法将发动机散热片完全覆盖，冷却风罩下端缺少包裹翻边，导致发动机在空中飞行过程中散热效果受到影响"
"R847","冷却 风罩 均 发动机 散热片 覆盖 冷却 风罩 下端 缺少 包裹 翻边 导致 发动机 空中 飞行 过程 中 散热 效果 影响"
"R848","冷却风罩均无法将发动机散热片完全覆盖，冷却风罩下端缺少包裹翻边，导致发动机在空中飞行过程中散热效果受到影响"
"R848","冷却 风罩 均 发动机 散热片 覆盖 冷却 风罩 下端 缺少 包裹 翻边 导致 发动机 空中 飞行 过程 中 散热 效果 影响"
"R849","冷却风罩均无法将发动机散热片完全覆盖，冷却风罩下端缺少包裹翻边，导致发动机在空中飞行过程中散热效果受到影响"
"R849","冷却 风罩 均 发动机 散热片 覆盖 冷却 风罩 下端 缺少 包裹 翻边 导致 发动机 空中 飞行 过程 中 散热 效果 影响"
"R850","冷却风罩均无法将发动机散热片完全覆盖，冷却风罩下端缺少包裹翻边，导致发动机在空中飞行过程中散热效果受到影响"
"R850","冷却 风罩 均 发动机 散热片 覆盖 冷却 风罩 下端 缺少 包裹 翻边 导致 发动机 空中 飞行 过程 中 散热 效果 影响"
"R851","冷却风罩均无法将发动机散热片完全覆盖，冷却风罩下端缺少包裹翻边，导致发动机在空中飞行过程中散热效果受到影响"
"R851","冷却 风罩 均 发动机 散热片 覆盖 冷却 风罩 下端 缺少 包裹 翻边 导致 发动机 空中 飞行 过程 中 散热 效果 影响"
"R852","冷却风罩均无法将发动机散热片完全覆盖，冷却风罩下端缺少包裹翻边，导致发动机在空中飞行过程中散热效果受到影响"
"R852","冷却 风罩 均 发动机 散热片 覆盖 冷却 风罩 下端 缺少 包裹 翻边 导致 发动机 空中 飞行 过程 中 散热 效果 影响"
"R853","冷却风罩均无法将发动机散热片完全覆盖，冷却风罩下端缺少包裹翻边，导致发动机在空中飞行过程中散热效果受到影响"
"R853","冷却 风罩 均 发动机 散热片 覆盖 冷却 风罩 下端 缺少 包裹 翻边 导致 发动机 空中 飞行 过程 中 散热 效果 影响"
"R854","冷却风罩均无法将发动机散热片完全覆盖，冷却风罩下端缺少包裹翻边，导致发动机在空中飞行过程中散热效果受到影响"
"R854","冷却 风罩 均 发动机 散热片 覆盖 冷却 风罩 下端 缺少 包裹 翻边 导致 发动机 空中 飞行 过程 中 散热 效果 影响"
"R855","冷却风罩均无法将发动机散热片完全覆盖，冷却风罩下端缺少包裹翻边，导致发动机在空中飞行过程中散热效果受到影响"
"R855","冷却 风罩 均 发动机 散热片 覆盖 冷却 风罩 下端 缺少 包裹 翻边 导致 发动机 空中 飞行 过程 中 散热 效果 影响"
"R856","胶管无法安装"
"R856","胶管 安装"
"R858","空气冷却风道与滑油恒温活门支架干涉"
"R858","空气冷却 风道 滑油 恒温 活门 支架 干涉"
"R859","空气冷却风道与滑油恒温活门支架干涉"
"R859","空气冷却 风道 滑油 恒温 活门 支架 干涉"
"R861","发动机地面开车过程中，滑油温度76℃左右时，滑油压力异常波动"
"R861","发动机 地面 开车 过程 中 滑油 温度 76 时 滑油 压力 异常 波动"
"R863","换油保养时，放油过程中将滑油箱底部放油阀门顶开，滑油缓慢滴出，流动缓慢"
"R863","换油 保养 时 放油 过程中将 滑 油箱 底部 放油 阀门 顶开 滑油 缓慢 滴出 流动 缓慢"
"R864","发动机短舱下罩板与短舱下罩连接处开胶"
"R864","发动机 短舱 下罩 板 短舱 下罩 连接处 开胶"
"R866","飞机做油量标定时，调零位和满位油量时，检测车显示剩余油量无变化无变化"
"R866","飞机 做 油量 标定 时 调 零位 满位 油量 时 检测车 显示 剩余 油量 无 变化 无 变化"
"R867","飞机做油量标定时，燃油供油系统连接供油泵处漏油"
"R867","飞机 做 油量 标定 时 燃油 供油 系统 连接 供油泵 处 漏油"
"R869","机身油箱加油口盖内橡胶圈断裂，无法使用"
"R869","机身 油箱 加油 口盖 内 橡胶圈 断裂"
"R871","外场发动机开车试验时，检测车报燃油泵1常亮，无法正常关闭油泵"
"R871","外场 发动机 开车 试验 时 检测车 报 燃油泵 1 常亮 关闭 油泵"
"R872","缸温升温过快"
"R872","缸 温 升温 过快"
"R873","飞行前检测过程中发现螺旋桨根部有划痕"
"R873","飞行 前 检测 过程 中 发现 螺旋桨 根部 划痕"
"R874","联试时发现电子燃油泵故障，电子燃油泵温度过高、不过油"
"R874","联试 时 发现 电子 燃油泵 故障 电子 燃油泵 温度 过高 油"
"R875","地面试车过程中，桨距增减无响应"
"R875","地面 试车 过程 中 桨 距 增减 无 响应"
"R879","飞机返回地面检查时发现三个桨叶的防护贴脱落"
"R879","飞机 返回地面 检查 时 发现 三个 桨叶 防护 贴 脱落"
"R880","螺旋桨桨叶防护贴均有不同程度开裂现象"
"R880","螺旋桨 桨叶 防护 贴均 程度 开裂 现象"
"R881","螺旋桨桨叶防护贴均有不同程度开裂现象"
"R881","螺旋桨 桨叶 防护 贴均 程度 开裂 现象"
"R882","螺旋桨桨叶防护贴均有不同程度开裂现象"
"R882","螺旋桨 桨叶 防护 贴均 程度 开裂 现象"
"R883","螺旋桨桨叶防护贴均有不同程度开裂现象"
"R883","螺旋桨 桨叶 防护 贴均 程度 开裂 现象"
"R884","螺旋桨桨叶防护贴均有不同程度开裂现象"
"R884","螺旋桨 桨叶 防护 贴均 程度 开裂 现象"
"R885","螺旋桨变距无响应，变距失败"
"R885","螺旋桨 变距 无 响应 变距 失败"
"R887","发动机右侧起动油路弯管组件下部螺纹部位有损坏，弯管组件固定支架有轻微扭曲，汽化器盖上固定支架的螺钉与螺帽滑丝"
"R887","发动机 右侧 起动 油路 弯管 组件 下部 螺纹 部位 损坏 弯管 组件 固定 支架 轻微 扭曲 汽化器 盖上 固定 支架 螺钉 螺帽 滑丝"
"R888","空气盒排放余油管路渗油"
"R888","空气 盒 排放 余 油管 路 渗油"
"R891","冷却液散热器有漏液现象"
"R891","冷却液 散热器 漏液 现象"
"R893","在地检模式下，左升降舵切换至备通道工作时，余度2报dsp故障"
"R893","地检 模式 下 左 升降舵 切换 至备 通道 工作 时 余度 2 报 dsp 故障"
"R894","天线与惯导相联的天线底座的X1口RS422的7号针对地短路"
"R894","天线 惯导 相联 天线 底座 X1 口 RS422 7 号 针对 短路"
"R895","飞机上电，左升降舵舵面抖动"
"R895","飞机 上电 左 升降舵 舵面 抖动"
"R896","飞机上电，左升降舵舵面抖动"
"R896","飞机 上电 左 升降舵 舵面 抖动"
"R897","飞机上电，飞控计算机上电自检结果报CPU通道2故障"
"R897","飞机 上电 飞 控计算机 上电 自检 报 CPU 通道 2 故障"
"R898","飞机在空中飞行时，垂直陀螺报故"
"R898","飞机 空中 飞行 时 垂直 陀螺 报故"
"R899","飞机上电检测车操纵右副翼过程中，主通道工作正常，备通道操纵舵面不动，报余度2模型监控故障"
"R899","飞机 上电 检测车 操纵 右 副翼 过程 中 主通道 工作 备 通道 操纵 舵面 不动 报 余度 2 模型 监控 故障"
"R900","垂直陀螺安装支架右前脚连接螺杆断裂"
"R900","垂直 陀螺 安装 支架 右 前脚 连接 螺杆 断裂"
"R901","地面联试发现角速率陀螺俯仰角输出无变化"
"R901","地面 联试 发现 角 速率 陀螺 俯仰角 输出 无 变化"
"R902","飞机通电，操作左刹车时，刹车压力始终为零，刹车控制器无动作"
"R902","飞机 通电 操作 左 刹车 时 刹车 压力 始终 零 刹车 控制器 无 动作"
"R903","飞机加电，舵机控制盒报余度2监控故障，且控制不了舵面"
"R903","飞机 加电 舵机 控制 盒报 余度 2 监控 故障 控制不了 舵面"
"R904","飞机加电，调零舵面时，控制盒报余度2 DSP模型故障，余度2可用手轻易扳动舵面，余度1正常"
"R904","飞机 加电 调零舵 面时 控制 盒报 余度 2 DSP 模型 故障 余度 2 可用 手 轻易 扳动 舵面 余度 1"
"R910","飞行32小时后，惯导报“惯导位置速度超差”，着陆时航向偏差达25°"
"R910","飞行 32 小时 后 惯 导报 惯 导 位置 速度 超差 着陆时 航向 偏差 达 25"
"R911","在联试过程中大气数据计算机不显示数据并闪红报故"
"R911","联试 过程 中 大气 数据 计算机 不 显示 数据 闪红报"
"R912","垂直陀螺C-11指示灯“显示报红”故障，多次检查故障依然存在"
"R912","垂直 陀螺 C 11 指示灯 显示 报红 故障 检查 故障 依然"
"R913","在联试过程中，左、右升降舵机发抖"
"R913","联试 过程 中 左 右 升降舵 机 发抖"
"R914","在联试过程中，右升降舵机发抖"
"R914","联试 过程 中 右 升降舵 机 发抖"
"R915","地面检测时，惯导姿态角异常"
"R915","地面 检测 时 惯导 姿态 角 异常"
"R917","通电检查时，综合检测计算机显示大气机指示灯闪红报故，大气机工作不正常"
"R917","通电 检查 时 综合 检测 计算机 显示 大气 机 指示灯 闪红报 大气 机 工作 不"
"R918","2号垂直陀螺横滚角30°修至20°用时1小时，且俯仰角指示灯显示红色报故"
"R918","2 号 垂直 陀螺 横滚 角 30 修 20 时 1 小时 俯仰角 指示灯 显示 红色 报故"
"R921","起飞爬升约1000米高度，1号垂直陀螺报故，继续飞行几小时后，2号垂直陀螺报故，返航至落地过程中2个垂直陀螺一直处于报故状态"
"R921","起飞 爬升 约 1000 米 高度 1 号 垂直 陀螺 报故 飞行 几小时 后 2 号 垂直 陀螺 报故 返航 落地 过程 中 2 垂直 陀螺 处于 报故 状态"
"R922","速率陀螺空中报一次故障，直至着陆"
"R922","速率 陀螺 空中 报 故障 直至 着陆"
"R923","起飞时角速率陀螺报一次故障"
"R923","起飞时 角 速率 陀螺 报 故障"
"R924","飞机起飞离地时，高度从10米跳变0； 转滚转改平段2秒后，无线电高度表显示高度值为0，持续至飞机接地"
"R924","飞机 起飞 离地 时 高度 10 米 跳变 0 转 滚转 改平段 2 秒 后 无线电 高度表 显示 高度 值为 0 持续 飞机 接地"
"R925","空中报惯导位置、速度超差，航姿无效"
"R925","空中 报惯导 位置 速度 超差 航姿 无效"
"R928","中后地板上发电机控制器左侧2个嵌入件装偏约2mm"
"R928","中后 地板 上 发电机 控制器 左侧 2 嵌入 件 装 偏约 2 mm"
"R928","6-7框间中间蒙皮C上天线未开安装孔，未安装衬套"
"R928","6-7 框间 蒙皮 C 上 天线 未开 安装 孔 未 安装 衬套"
"R928","右后地板上单相变的4个嵌入件未安装"
"R928","右后 地板 上单 相变 4 嵌入 件 未 安装"
"R929","中后地板上发电机控制器左侧2个嵌入件装偏约2mm"
"R929","中后 地板 上 发电机 控制器 左侧 2 嵌入 件 装 偏约 2 mm"
"R929","6-7框间中间蒙皮C上天线未开安装孔，未安装衬套"
"R929","6-7 框间 蒙皮 C 上 天线 未开 安装 孔 未 安装 衬套"
"R929","右后地板上单相变的4个嵌入件未安装"
"R929","右后 地板 上单 相变 4 嵌入 件 未 安装"
"R930","中后地板上发电机控制器左侧2个嵌入件装偏约2mm"
"R930","中后 地板 上 发电机 控制器 左侧 2 嵌入 件 装 偏约 2 mm"
"R930","右后地板上单相变的4个嵌入件未安装"
"R930","右后 地板 上单 相变 4 嵌入 件 未 安装"
"R931","中后地板上发电机控制器左侧2个嵌入件装偏约2mm"
"R931","中后 地板 上 发电机 控制器 左侧 2 嵌入 件 装 偏约 2 mm"
"R931","右后地板上单相变的4个嵌入件未安装"
"R931","右后 地板 上单 相变 4 嵌入 件 未 安装"
"R932","中后地板上发电机控制器左侧2个嵌入件装偏约2mm"
"R932","中后 地板 上 发电机 控制器 左侧 2 嵌入 件 装 偏约 2 mm"
"R932","6-7框间中间蒙皮C上天线未开安装孔，未安装衬套"
"R932","6-7 框间 蒙皮 C 上 天线 未开 安装 孔 未 安装 衬套"
"R933","中后地板上发电机控制器左侧2个嵌入件装偏约2mm"
"R933","中后 地板 上 发电机 控制器 左侧 2 嵌入 件 装 偏约 2 mm"
"R933","左、右机翼的搭铁带松动，搭铁带端头的开孔尺寸偏大"
"R933","左 右 机翼 搭 铁带 松动 搭铁带 端头 开孔 尺寸 偏大"
"R934","中后地板上发电机控制器左侧2个嵌入件装偏约2mm"
"R934","中后 地板 上 发电机 控制器 左侧 2 嵌入 件 装 偏约 2 mm"
"R935","通风盒通风管、惯导托架开孔以及5号地板上对应开孔，三者不同轴"
"R935","通风 盒 通风管 惯 导 托架 开孔 5 号 地板 上 开孔 三者 轴"
"R935","机身上蒙皮的差分GPS天线安装孔后移约3mm"
"R935","机身 上 蒙皮 差分 GPS 天线 安装 孔 后移 约 3 mm"
"R935","1框腹板上的大气机（右），与框腹板和右纵梁相连接的铆钉干涉"
"R935","1 框 腹板 上 大气 机 右 框 腹板 右 纵梁 相连接 铆钉 干涉"
"R935","空速管加温开关的销孔开偏，需补孔并重新开孔"
"R935","空速 加温 开关 销孔 开偏 需补孔 开孔"
"R935","发电机控制器的左侧2个安装孔错位"
"R935","发电机 控制器 左侧 2 安装 孔 错位"
"R935","机翼翼根处，与机身对接的上、下翼面缘条上有托板螺母脱落"
"R935","机翼 翼根 处 机身 对接 的上 下 翼面 缘条 上 托板 螺母 脱落"
"R935","左机翼2处已松动"
"R935","左 机翼 2 处 已 松动"
"R935","弹垫拧紧后发生断裂"
"R935","弹垫 拧紧 后 发生 断裂"
"R936","通风盒通风管、惯导托架开孔以及5号地板上对应开孔，三者不同轴"
"R936","通风 盒 通风管 惯 导 托架 开孔 5 号 地板 上 开孔 三者 轴"
"R936","机身上蒙皮的差分GPS天线安装孔位置后移约1mm，与蒙皮斜边干涉，无法与蒙皮安装面贴合"
"R936","机身 上 蒙皮 差分 GPS 天线 安装 孔 位置 后移 约 1 mm 蒙皮 斜边 干涉 蒙皮 安装 面 贴合"
"R936","弹垫拧紧后发生断裂"
"R936","弹垫 拧紧 后 发生 断裂"
"R937","通风盒通风管、惯导托架开孔以及5号地板上对应开孔，三者不同轴"
"R937","通风 盒 通风管 惯 导 托架 开孔 5 号 地板 上 开孔 三者 轴"
"R937","机身上蒙皮的差分GPS天线安装孔位置后移约1mm，与蒙皮斜边干涉，无法与蒙皮安装面贴合"
"R937","机身 上 蒙皮 差分 GPS 天线 安装 孔 位置 后移 约 1 mm 蒙皮 斜边 干涉 蒙皮 安装 面 贴合"
"R937","弹垫拧紧后发生断裂"
"R937","弹垫 拧紧 后 发生 断裂"
"R938","通风盒通风管、惯导托架开孔以及5号地板上对应开孔，三者不同轴"
"R938","通风 盒 通风管 惯 导 托架 开孔 5 号 地板 上 开孔 三者 轴"
"R938","身上蒙皮的差分GPS天线安装孔后移约3mm"
"R938","身上 蒙皮 差分 GPS 天线 安装 孔 后移 约 3 mm"
"R938","空速管加温开关的销孔开偏，需补孔并重新开孔"
"R938","空速 加温 开关 销孔 开偏 需补孔 开孔"
"R938","机翼翼根处，与机身对接的上、下翼面缘条上有托板螺母脱落"
"R938","机翼 翼根 处 机身 对接 的上 下 翼面 缘条 上 托板 螺母 脱落"
"R938","弹垫拧紧后发生断裂"
"R938","弹垫 拧紧 后 发生 断裂"
"R939","通风盒通风管、惯导托架开孔以及5号地板上对应开孔，三者不同轴"
"R939","通风 盒 通风管 惯 导 托架 开孔 5 号 地板 上 开孔 三者 轴"
"R939","机身上蒙皮的差分GPS天线安装孔位置后移约1mm，与蒙皮斜边干涉，无法与蒙皮安装面贴合"
"R939","机身 上 蒙皮 差分 GPS 天线 安装 孔 位置 后移 约 1 mm 蒙皮 斜边 干涉 蒙皮 安装 面 贴合"
"R939","左机翼襟翼舵机的右下托板螺母出现螺纹滑扣，已安装的螺钉无法拆卸，须更换此螺母"
"R939","左 机翼 襟翼 舵机 右 下 托板 螺母 螺纹 滑扣 已 安装 螺钉 拆卸 须 更换 螺母"
"R939","机翼翼根处，与机身对接的上、下翼面缘条上有托板螺母脱落"
"R939","机翼 翼根 处 机身 对接 的上 下 翼面 缘条 上 托板 螺母 脱落"
"R939","左机翼1处已松动"
"R939","左 机翼 1 处 已 松动"
"R939","弹垫拧紧后发生断裂"
"R939","弹垫 拧紧 后 发生 断裂"
"R940","通风盒通风管、惯导托架开孔以及5号地板上对应开孔，三者不同轴"
"R940","通风 盒 通风管 惯 导 托架 开孔 5 号 地板 上 开孔 三者 轴"
"R940","机身上蒙皮的差分GPS天线安装孔后移约3mm"
"R940","机身 上 蒙皮 差分 GPS 天线 安装 孔 后移 约 3 mm"
"R940","发电机控制器的左侧2个安装孔错位"
"R940","发电机 控制器 左侧 2 安装 孔 错位"
"R940","机翼翼根处，与机身对接的上、下翼面缘条上有托板螺母脱落"
"R940","机翼 翼根 处 机身 对接 的上 下 翼面 缘条 上 托板 螺母 脱落"
"R940","左机翼2个搭铁带已松动"
"R940","左 机翼 2 搭 铁带 已 松动"
"R940","弹垫拧紧后发生断裂"
"R940","弹垫 拧紧 后 发生 断裂"
"R941","通风盒通风管、惯导托架开孔以及5号地板上对应开孔，三者不同轴"
"R941","通风 盒 通风管 惯 导 托架 开孔 5 号 地板 上 开孔 三者 轴"
"R941","机身上蒙皮的差分GPS天线安装孔位置后移约1mm，与蒙皮斜边干涉，无法与蒙皮安装面贴合"
"R941","机身 上 蒙皮 差分 GPS 天线 安装 孔 位置 后移 约 1 mm 蒙皮 斜边 干涉 蒙皮 安装 面 贴合"
"R941","机翼翼根处，与机身对接的上、下翼面缘条上有托板螺母脱落"
"R941","机翼 翼根 处 机身 对接 的上 下 翼面 缘条 上 托板 螺母 脱落"
"R941","左机翼1处已松动"
"R941","左 机翼 1 处 已 松动"
"R941","弹垫拧紧后发生断裂"
"R941","弹垫 拧紧 后 发生 断裂"
"R942","5号地板上惯导托架与通风盒的安装不协调，需调整惯导托架或通风盒的嵌入件安装位置"
"R942","5 号 地板 上惯导 托架 通风 盒 安装 不 协调 需 调整 惯导 托架 通风 盒 嵌入 件 安装 位置"
"R942","弹垫拧紧后发生断裂"
"R942","弹垫 拧紧 后 发生 断裂"
"R943","5号地板上惯导托架与通风盒的安装不协调，需调整惯导托架或通风盒的嵌入件安装位置"
"R943","5 号 地板 上惯导 托架 通风 盒 安装 不 协调 需 调整 惯导 托架 通风 盒 嵌入 件 安装 位置"
"R943","弹垫拧紧后发生断裂"
"R943","弹垫 拧紧 后 发生 断裂"
"R944","5号地板上惯导托架与通风盒的安装不协调，需调整惯导托架或通风盒的嵌入件安装位置"
"R944","5 号 地板 上惯导 托架 通风 盒 安装 不 协调 需 调整 惯导 托架 通风 盒 嵌入 件 安装 位置"
"R944","油箱地板上蓄电池支架的3个嵌入件未安装"
"R944","油箱 地板 上 蓄电池 支架 3 嵌入 件 未 安装"
"R944","弹垫拧紧后发生断裂"
"R944","弹垫 拧紧 后 发生 断裂"
"R945","5号地板上惯导托架与通风盒的安装不协调，需调整惯导托架或通风盒的嵌入件安装位置"
"R945","5 号 地板 上惯导 托架 通风 盒 安装 不 协调 需 调整 惯导 托架 通风 盒 嵌入 件 安装 位置"
"R945","油箱地板上蓄电池支架的3个嵌入件未安装"
"R945","油箱 地板 上 蓄电池 支架 3 嵌入 件 未 安装"
"R945","弹垫拧紧后发生断裂"
"R945","弹垫 拧紧 后 发生 断裂"
"R946","5号地板上惯导托架与通风盒的安装不协调，需调整惯导托架或通风盒的嵌入件安装位置"
"R946","5 号 地板 上惯导 托架 通风 盒 安装 不 协调 需 调整 惯导 托架 通风 盒 嵌入 件 安装 位置"
"R946","弹垫拧紧后发生断裂"
"R946","弹垫 拧紧 后 发生 断裂"
"R947","5号地板上惯导托架与通风盒的安装不协调，需调整惯导托架或通风盒的嵌入件安装位置"
"R947","5 号 地板 上惯导 托架 通风 盒 安装 不 协调 需 调整 惯导 托架 通风 盒 嵌入 件 安装 位置"
"R947","弹垫拧紧后发生断裂"
"R947","弹垫 拧紧 后 发生 断裂"
"R948","5号地板上惯导托架与通风盒的安装不协调，需调整惯导托架或通风盒的嵌入件安装位置"
"R948","5 号 地板 上惯导 托架 通风 盒 安装 不 协调 需 调整 惯导 托架 通风 盒 嵌入 件 安装 位置"
"R948","弹垫拧紧后发生断裂"
"R948","弹垫 拧紧 后 发生 断裂"
"R949","机身上蒙皮的差分GPS天线安装安装位置后移约2mm，需调整GPS天线的安装位置"
"R949","机身 上 蒙皮 差分 GPS 天线 安装 安装 位置 后移 约 2 mm 需 调整 GPS 天线 安装 位置"
"R949","1框腹板上的大气机与旁边的铆钉干涉"
"R949","1 框 腹板 上 大气 机与 旁边 铆钉 干涉"
"R950","机身上蒙皮的差分GPS天线安装安装位置后移约2mm，需调整GPS天线的安装位置"
"R950","机身 上 蒙皮 差分 GPS 天线 安装 安装 位置 后移 约 2 mm 需 调整 GPS 天线 安装 位置"
"R950","1框腹板上的大气机与旁边的铆钉干涉"
"R950","1 框 腹板 上 大气 机与 旁边 铆钉 干涉"
"R951","机身上蒙皮的差分GPS天线安装安装位置后移约2mm，需调整GPS天线的安装位置"
"R951","机身 上 蒙皮 差分 GPS 天线 安装 安装 位置 后移 约 2 mm 需 调整 GPS 天线 安装 位置"
"R952","机身上蒙皮的差分GPS天线安装安装位置后移约2mm，需调整GPS天线的安装位置"
"R952","机身 上 蒙皮 差分 GPS 天线 安装 安装 位置 后移 约 2 mm 需 调整 GPS 天线 安装 位置"
"R953","机身上蒙皮的差分GPS天线安装安装位置后移约2mm，需调整GPS天线的安装位置"
"R953","机身 上 蒙皮 差分 GPS 天线 安装 安装 位置 后移 约 2 mm 需 调整 GPS 天线 安装 位置"
"R953","单相变的安装位置有误，需重铆托板螺母"
"R953","单 相变 安装 位置 有误 需重 铆 托板 螺母"
"R954","机身上蒙皮的差分GPS天线安装安装位置后移约2mm，需调整GPS天线的安装位置"
"R954","机身 上 蒙皮 差分 GPS 天线 安装 安装 位置 后移 约 2 mm 需 调整 GPS 天线 安装 位置"
"R954","单相变的安装位置有误，需重铆托板螺母"
"R954","单 相变 安装 位置 有误 需重 铆 托板 螺母"
"R955","机身上蒙皮的差分GPS天线安装安装位置后移约2mm，需调整GPS天线的安装位置"
"R955","机身 上 蒙皮 差分 GPS 天线 安装 安装 位置 后移 约 2 mm 需 调整 GPS 天线 安装 位置"
"R955","单相变的安装位置有误，需重铆托板螺母"
"R955","单 相变 安装 位置 有误 需重 铆 托板 螺母"
"R956","机头罩上用于安装前视摄像头玻璃片的上盖、下盖与空速管干涉"
"R956","机头 罩 上 用于 安装 前视 摄像头 玻璃片 上盖 下 盖 空速 干涉"
"R957","机头罩上用于安装前视摄像头玻璃片的上盖、下盖与空速管干涉"
"R957","机头 罩 上 用于 安装 前视 摄像头 玻璃片 上盖 下 盖 空速 干涉"
"R958","机头罩上用于安装前视摄像头玻璃片的上盖、下盖与空速管干涉"
"R958","机头 罩 上 用于 安装 前视 摄像头 玻璃片 上盖 下 盖 空速 干涉"
"R959","短舱下罩密封条尺寸与图纸尺寸不符"
"R959","短舱 下罩 密封条 尺寸 图纸 尺寸 不符"
"R960","短舱下罩密封条尺寸与图纸尺寸不符"
"R960","短舱 下罩 密封条 尺寸 图纸 尺寸 不符"
"R961","短舱下罩密封条尺寸与图纸尺寸不符"
"R961","短舱 下罩 密封条 尺寸 图纸 尺寸 不符"
"R962","短舱下罩密封条尺寸与图纸尺寸不符"
"R962","短舱 下罩 密封条 尺寸 图纸 尺寸 不符"
"R963","短舱下罩密封条尺寸与图纸尺寸不符"
"R963","短舱 下罩 密封条 尺寸 图纸 尺寸 不符"
"R964","短舱下罩密封条尺寸与图纸尺寸不符"
"R964","短舱 下罩 密封条 尺寸 图纸 尺寸 不符"
"R965","短舱下罩密封条尺寸与图纸尺寸不符"
"R965","短舱 下罩 密封条 尺寸 图纸 尺寸 不符"
"R966","卫通链路功放电源组合安装时与惯导通风盒干涉，卫通链路功放电源组合支架左侧安装孔距与设计不符"
"R966","卫通 链路 功放 电源 组合 安装 时 惯导 通风 盒 干涉 卫通 链路 功放 电源 组合 支架 左侧 安装 孔距 设计 不符"
"R966","左侧可拆卸蒙皮组件、右侧可拆卸蒙皮组件与机身连接处未涂装密封胶"
"R966","左侧 可拆卸 蒙皮 组件 右侧 可拆卸 蒙皮 组件 机身 连接处 未 涂装 密封胶"
"R967","卫通链路功放电源组合安装时与惯导通风盒干涉，卫通链路功放电源组合支架左侧安装孔距与设计不符"
"R967","卫通 链路 功放 电源 组合 安装 时 惯导 通风 盒 干涉 卫通 链路 功放 电源 组合 支架 左侧 安装 孔距 设计 不符"
"R967","左侧可拆卸蒙皮组件、右侧可拆卸蒙皮组件与机身连接处未涂装密封胶"
"R967","左侧 可拆卸 蒙皮 组件 右侧 可拆卸 蒙皮 组件 机身 连接处 未 涂装 密封胶"
"R967","中罩位置处，相机维护口盖安装后与数码相机镜头干涉，相机维护口盖在后下罩安装反向"
"R967","中罩 位置 处 相机 维护 口盖 安装 后 数码相机 镜头 干涉 相机 维护 口盖 后 下 罩 安装 反向"
"R968","左侧可拆卸蒙皮组件、右侧可拆卸蒙皮组件与机身连接处未涂装密封胶"
"R968","左侧 可拆卸 蒙皮 组件 右侧 可拆卸 蒙皮 组件 机身 连接处 未 涂装 密封胶"
"R969","卫通链路功放电源组合安装时与惯导通风盒干涉，卫通链路功放电源组合支架左侧安装孔距与设计不符"
"R969","卫通 链路 功放 电源 组合 安装 时 惯导 通风 盒 干涉 卫通 链路 功放 电源 组合 支架 左侧 安装 孔距 设计 不符"
"R969","左侧可拆卸蒙皮组件、右侧可拆卸蒙皮组件与机身连接处未涂装密封胶"
"R969","左侧 可拆卸 蒙皮 组件 右侧 可拆卸 蒙皮 组件 机身 连接处 未 涂装 密封胶"
"R970","左侧可拆卸蒙皮组件、右侧可拆卸蒙皮组件与机身连接处未涂装密封胶"
"R970","左侧 可拆卸 蒙皮 组件 右侧 可拆卸 蒙皮 组件 机身 连接处 未 涂装 密封胶"
"R971","左侧可拆卸蒙皮组件、右侧可拆卸蒙皮组件与机身连接处未涂装密封胶"
"R971","左侧 可拆卸 蒙皮 组件 右侧 可拆卸 蒙皮 组件 机身 连接处 未 涂装 密封胶"
"R972","左侧可拆卸蒙皮组件、右侧可拆卸蒙皮组件与机身连接处未涂装密封胶"
"R972","左侧 可拆卸 蒙皮 组件 右侧 可拆卸 蒙皮 组件 机身 连接处 未 涂装 密封胶"
"R973","左侧可拆卸蒙皮组件、右侧可拆卸蒙皮组件与机身连接处未涂装密封胶"
"R973","左侧 可拆卸 蒙皮 组件 右侧 可拆卸 蒙皮 组件 机身 连接处 未 涂装 密封胶"
"R974","左侧可拆卸蒙皮组件、右侧可拆卸蒙皮组件与机身连接处未涂装密封胶"
"R974","左侧 可拆卸 蒙皮 组件 右侧 可拆卸 蒙皮 组件 机身 连接处 未 涂装 密封胶"
"R975","左侧可拆卸蒙皮组件、右侧可拆卸蒙皮组件与机身连接处未涂装密封胶"
"R975","左侧 可拆卸 蒙皮 组件 右侧 可拆卸 蒙皮 组件 机身 连接处 未 涂装 密封胶"
"R976","右方向舵可上下窜动，窜动间隙在1.5mm左右"
"R976","右 方向舵 窜动 窜动 间隙 1.5 mm"
"R976","左侧可拆卸蒙皮组件、右侧可拆卸蒙皮组件与机身连接处未涂装密封胶"
"R976","左侧 可拆卸 蒙皮 组件 右侧 可拆卸 蒙皮 组件 机身 连接处 未 涂装 密封胶"
"R977","发动机在装机过程中，发电机连接轴套与联轴器的同轴度不合格"
"R977","发动机 装机 过程 中 发电机 连接 轴套 联轴器 同轴 度 不 合格"
"R980","装机过程中发现空气冷却风罩未开孔，无法装机使用"
"R980","装机 过程 中 发现 空气冷却 风罩 未开 孔 装机"
"R981","装机过程中发现空气冷却风罩未开孔，无法装机使用"
"R981","装机 过程 中 发现 空气冷却 风罩 未开 孔 装机"
"R982","装机过程中发现空气冷却风罩未开孔，无法装机使用"
"R982","装机 过程 中 发现 空气冷却 风罩 未开 孔 装机"
"R983","发动机短舱上罩外部撕裂"
"R983","发动机 短舱 上罩 外部 撕裂"
"R984","机翼、尾翼舵面上的轴承已部分发生锈蚀"
"R984","机翼 尾翼 舵 面上 轴承 已 发生 锈蚀"
"R985","机翼、尾翼舵面上的轴承已部分发生锈蚀"
"R985","机翼 尾翼 舵 面上 轴承 已 发生 锈蚀"
"R986","机翼、尾翼舵面上的轴承已部分发生锈蚀"
"R986","机翼 尾翼 舵 面上 轴承 已 发生 锈蚀"
"R987","机翼、尾翼舵面上的轴承已部分发生锈蚀"
"R987","机翼 尾翼 舵 面上 轴承 已 发生 锈蚀"
"R988","机翼、尾翼舵面上的轴承已部分发生锈蚀"
"R988","机翼 尾翼 舵 面上 轴承 已 发生 锈蚀"
"R989","机翼、尾翼舵面上的轴承已部分发生锈蚀"
"R989","机翼 尾翼 舵 面上 轴承 已 发生 锈蚀"
"R990","机翼、尾翼舵面上的轴承已部分发生锈蚀"
"R990","机翼 尾翼 舵 面上 轴承 已 发生 锈蚀"
"R991","中罩位置处，相机维护口盖安装后与数码相机镜头干涉，设备无法正常安装"
"R991","中罩 位置 处 相机 维护 口盖 安装 后 数码相机 镜头 干涉 设备 安装"
"R992","中罩位置处，相机维护口盖安装后与数码相机镜头干涉，设备无法正常安装"
"R992","中罩 位置 处 相机 维护 口盖 安装 后 数码相机 镜头 干涉 设备 安装"
"R993","中罩位置处，相机维护口盖安装后与数码相机镜头干涉，设备无法正常安装"
"R993","中罩 位置 处 相机 维护 口盖 安装 后 数码相机 镜头 干涉 设备 安装"
"R994","数码相机的安装位置有偏移，影响设备正常安装"
"R994","数码相机 安装 位置 偏移 影响 设备 安装"
"R995","数码相机的安装位置有偏移，影响设备正常安装"
"R995","数码相机 安装 位置 偏移 影响 设备 安装"
"R996","散热器支架滑油散热器端的两个横梁的间距尺寸与图纸不符，导致滑油散热器无法安装到位"
"R996","散热器 支架 滑油 散热器 端的 两个 横梁 间距 尺寸 图纸 不符 导致 滑油 散热器 安装 到位"
"R997","散热器支架滑油散热器端的两个横梁的间距尺寸与图纸不符，导致滑油散热器无法安装到位"
"R997","散热器 支架 滑油 散热器 端的 两个 横梁 间距 尺寸 图纸 不符 导致 滑油 散热器 安装 到位"
"R998","冷却风罩均无法将发动机散热片完全覆盖，冷却风罩下端缺少包裹翻边，导致发动机在空中飞行过程中散热效果受到影响"
"R998","冷却 风罩 均 发动机 散热片 覆盖 冷却 风罩 下端 缺少 包裹 翻边 导致 发动机 空中 飞行 过程 中 散热 效果 影响"
"R999","冷却风罩均无法将发动机散热片完全覆盖，冷却风罩下端缺少包裹翻边，导致发动机在空中飞行过程中散热效果受到影响"
"R999","冷却 风罩 均 发动机 散热片 覆盖 冷却 风罩 下端 缺少 包裹 翻边 导致 发动机 空中 飞行 过程 中 散热 效果 影响"
"R1000","冷却风罩均无法将发动机散热片完全覆盖，冷却风罩下端缺少包裹翻边，导致发动机在空中飞行过程中散热效果受到影响"
"R1000","冷却 风罩 均 发动机 散热片 覆盖 冷却 风罩 下端 缺少 包裹 翻边 导致 发动机 空中 飞行 过程 中 散热 效果 影响"
"R1001","冷却风罩均无法将发动机散热片完全覆盖，冷却风罩下端缺少包裹翻边，导致发动机在空中飞行过程中散热效果受到影响"
"R1001","冷却 风罩 均 发动机 散热片 覆盖 冷却 风罩 下端 缺少 包裹 翻边 导致 发动机 空中 飞行 过程 中 散热 效果 影响"
"R1002","冷却风罩均无法将发动机散热片完全覆盖，冷却风罩下端缺少包裹翻边，导致发动机在空中飞行过程中散热效果受到影响"
"R1002","冷却 风罩 均 发动机 散热片 覆盖 冷却 风罩 下端 缺少 包裹 翻边 导致 发动机 空中 飞行 过程 中 散热 效果 影响"
"R1003","冷却风罩均无法将发动机散热片完全覆盖，冷却风罩下端缺少包裹翻边，导致发动机在空中飞行过程中散热效果受到影响"
"R1003","冷却 风罩 均 发动机 散热片 覆盖 冷却 风罩 下端 缺少 包裹 翻边 导致 发动机 空中 飞行 过程 中 散热 效果 影响"
"R1004","冷却风罩均无法将发动机散热片完全覆盖，冷却风罩下端缺少包裹翻边，导致发动机在空中飞行过程中散热效果受到影响"
"R1004","冷却 风罩 均 发动机 散热片 覆盖 冷却 风罩 下端 缺少 包裹 翻边 导致 发动机 空中 飞行 过程 中 散热 效果 影响"
"R1005","冷却风罩均无法将发动机散热片完全覆盖，冷却风罩下端缺少包裹翻边，导致发动机在空中飞行过程中散热效果受到影响"
"R1005","冷却 风罩 均 发动机 散热片 覆盖 冷却 风罩 下端 缺少 包裹 翻边 导致 发动机 空中 飞行 过程 中 散热 效果 影响"
"R1006","冷却风罩均无法将发动机散热片完全覆盖，冷却风罩下端缺少包裹翻边，导致发动机在空中飞行过程中散热效果受到影响"
"R1006","冷却 风罩 均 发动机 散热片 覆盖 冷却 风罩 下端 缺少 包裹 翻边 导致 发动机 空中 飞行 过程 中 散热 效果 影响"
"R1007","冷却风罩均无法将发动机散热片完全覆盖，冷却风罩下端缺少包裹翻边，导致发动机在空中飞行过程中散热效果受到影响"
"R1007","冷却 风罩 均 发动机 散热片 覆盖 冷却 风罩 下端 缺少 包裹 翻边 导致 发动机 空中 飞行 过程 中 散热 效果 影响"
"R1008","冷却风罩均无法将发动机散热片完全覆盖，冷却风罩下端缺少包裹翻边，导致发动机在空中飞行过程中散热效果受到影响"
"R1008","冷却 风罩 均 发动机 散热片 覆盖 冷却 风罩 下端 缺少 包裹 翻边 导致 发动机 空中 飞行 过程 中 散热 效果 影响"
"R1009","冷却风罩均无法将发动机散热片完全覆盖，冷却风罩下端缺少包裹翻边，导致发动机在空中飞行过程中散热效果受到影响"
"R1009","冷却 风罩 均 发动机 散热片 覆盖 冷却 风罩 下端 缺少 包裹 翻边 导致 发动机 空中 飞行 过程 中 散热 效果 影响"
"R1012","机身中间蒙皮上测控C上天线的安装孔未开"
"R1012","机身 蒙皮 上 测控 C 上 天线 安装 孔未开"
"R1013","相机口盖缺扁圆头螺钉、六角自锁螺母、垫片"
"R1013","相机 口盖 缺 扁圆 头 螺钉 六角 自锁 螺母 垫片"
"R1015","用于固定UHF天线罩的螺钉长度不足，无法拧紧固定"
"R1015","用于 固定 UHF 天线罩 螺钉 长度 拧紧 固定"
"R1016","右机翼翼根处的上下翼面上各有一个托板螺母脱落，需重新固定"
"R1016","右 机翼 翼根 处 翼 面上 各有 托板 螺母 脱落 需 固定"
"R1017","在机身尾撑对接处，机身对接框上托板螺母出现滑丝"
"R1017","机身 尾撑 对接 处 机身 对接 框上 托板 螺母 滑丝"
"R1024","发动机短舱下罩板与短舱下罩连接处开胶"
"R1024","发动机 短舱 下罩 板 短舱 下罩 连接处 开胶"
"R1025","地面做起落架收放时，发现右主起落架掉压"
"R1025","地面 做 起落架 收放 时 发现 右主 起落架 掉 压"
"R1028","机身油箱加油口盖内橡胶圈断裂，无法使用"
"R1028","机身 油箱 加油 口盖 内 橡胶圈 断裂"
"R1029","短舱下罩组件拆卸时，左侧螺钉安装孔内侧边缘断裂掉约2.5×7cm的裂片"
"R1029","短舱 下罩 组件 拆卸 时 左侧 螺钉 安装 孔 内侧 边缘 断裂 掉 约 2.5 7 cm 裂片"
"R1030","舱门拉杆断裂"
"R1030","舱门 拉杆 断裂"
"R1033","飞行过程中，油量测量值从正常值突变至满油量，后飞控计算机报油量表超差"
"R1033","飞行 过程 中 油量 测量 值 正常值 突变 至满 油量 后飞 控计算机 报 油量 表超差"
"R1034","飞行着陆后右刹车有抱死情况，飞机无法牵引"
"R1034","飞行 着陆 后右 刹车 抱死 情况 飞机 牵引"
"R1051","飞行过程中，SAR工作成像时，飞行主电流在43A~71A范围内跳变"
"R1051","飞行 过程 中 SAR 工作 成像 时 飞行 主 电流 43 A 71 A 内 跳变"
"R1052","电压波动较大"
"R1052","电压 波动 较大"
"R1054","空中飞行过程中，飞控计算机工作正常，惯导报一级故障，空管应答机失去信号。"
"R1054","空中 飞行 过程 中 飞 控计算机 工作 惯 导报 一级 故障 空管 应答机 信号"
"R1056","收起落架过程中，没有任何动作"
"R1056","收 起落架 过程 中 动作"
"R1057","发动机开车过程中发现检测车中综合检测计算机显示燃油泵1指示灯常亮"
"R1057","发动机 开车 过程 中 发现 检测车 中 综合 检测 计算机 显示 燃油泵 1 指示灯 常亮"
"R1060","发动机开车时检测车报12V欠压故障"
"R1060","发动机 开车 时 检测车 报 12 V 欠压 故障"
"R1061","地面飞行前联试时，发动机开车，发电机建压后，初始电压为略偏低，后电压持续降低，翻转负励磁"
"R1061","地面 飞行 前联试 时 发动机 开车 发电机 建压 后 初始 电压 略偏 低 后 电压 持续 降低 翻转 负 励磁"
"R1062","地面飞行前联试时，发动机开车，发电机建压后，初始电压为略偏低，后电压持续降低，翻转负励磁"
"R1062","地面 飞行 前联试 时 发动机 开车 发电机 建压 后 初始 电压 略偏 低 后 电压 持续 降低 翻转 负 励磁"
"R1063","地面检测时，惯导姿态角异常"
"R1063","地面 检测 时 惯导 姿态 角 异常"
"R1064","飞行时，垂直陀螺报故，角速率陀螺数值异常"
"R1064","飞行 时 垂直 陀螺 报故 角 速率 陀螺 数值 异常"
"R1068","飞行至5000m时，执行手动跟踪指令，光电平台旋转方向失控，飞行至6000m时工作正常"
"R1068","飞行 5000 m 时 执行 手动 跟踪 指令 光电 平台 旋转 方向 失控 飞行 6000 m 时 工作"
"R1069","飞行中发现光电平台激光上电正常，自检报故，打激光后无回报数值"
"R1069","飞行 中 发现 光电 平台 激光 上电 自检 报故 激光 后 无 回报 数值"
"R1071","光电平台电控箱地面联试时激光测距无测距数据并报故"
"R1071","光电 平台 电控箱 地面 联试 时 激光测距 无 测距 数据 报故"
"R1072","SAR数据回放单元无法回放SAR机载原始数据，无法读取映射盘"
"R1072","SAR 数据 回放 单元 回放 SAR 机载 原始数据 读取 映射 盘"
"R1079","飞机加电应答机启动系统自检，接收机报故"
"R1079","飞机 加电 应答机 启动 系统 自检 接收机 报故"
"R1080","给应答机注密钥时，回报发射机故障"
"R1080","应答机 注 密钥 时 回报 发射机 故障"
"R1082","通电检查时，功放组合监控回报不对"
"R1082","通电 检查 时 功放 组合 监控 回报 不"
"R1083","通电检查时，卫通链路收发组合上行不通"
"R1083","通电 检查 时 卫通 链路 收发 组合 上 行不通"
"R1084","地面站联试过程中，出现功率跳变故障"
"R1084","地面站 联试 过程 中 功率 跳变 故障"
"R1085","相机内安装惯导数据卡的电路板因数据卡卡槽损坏，数据卡无法弹出"
"R1085","相机 内 安装 惯导 数据 卡 电路板 数据 卡卡 槽 损坏 数据 卡 弹出"
"R1086","在超视距飞行中，机载卫通天线锁星不稳，方位误差电压在2V以上，俯仰误差电压在1V以上，下行Eb/No低于3db，下行任控飞控图像卡滞，几乎断链，主链路操纵手转程序跟踪后，链路恢复，大约4秒会有一次卡滞，方位误差电压在3V以上，俯仰误差电压为1V左右，下行Eb/No约为3.5db"
"R1086","超 视距 飞行 中 机载 卫 通天 线锁星 不稳 方位 误差 电压 2 V 俯仰 误差 电压 1 V 下行 Eb No 低于 3 db 下行 任控 飞控 图像 卡滞 断链 主 链路 操纵 手转 程序 跟踪 后 链路 恢复 4 秒 卡滞 方位 误差 电压 3 V 俯仰 误差 电压 1 V 下行 Eb No 约 3.5 db"
"R1087","机务准备时，连接分机注密钥过程中，分机显示未连接到应答机"
"R1087","机务 时 连接 分机 注 密钥 过程 中 分机 显示 未 连接 应答机"
"R1088","情报车UPS电源冒火"
"R1088","情报 车 UPS 电源 冒火"
"",""
"",""
"",""
"",""
